<?xml version="1.0" encoding="utf-8" ?>
<kml xmlns="http://www.opengis.net/kml/2.2">
<Document id="root_doc">
<Schema name="Gulf_LFAS_polygons" id="Gulf_LFAS_polygons">
	<SimpleField name="type" type="string"></SimpleField>
	<SimpleField name="species.code" type="float"></SimpleField>
	<SimpleField name="region" type="string"></SimpleField>
	<SimpleField name="label" type="string"></SimpleField>
</Schema>
<Folder><name>Gulf_LFAS_polygons</name>
  <Placemark id="Gulf_LFAS_polygons.1">
	<Style><LineStyle><color>ff0000ff</color></LineStyle><PolyStyle><fill>0</fill></PolyStyle></Style>
	<ExtendedData><SchemaData schemaUrl="#Gulf_LFAS_polygons">
		<SimpleData name="type">fishing zone polygon</SimpleData>
		<SimpleData name="species.code">2550</SimpleData>
		<SimpleData name="region">gulf</SimpleData>
		<SimpleData name="label">23A</SimpleData>
	</SchemaData></ExtendedData>
      <Polygon><outerBoundaryIs><LinearRing><coordinates>-66.36983333,48.06666667 -66.36983333,48.06863889 -66.36888889,48.07083333 -66.35833333,48.08444444 -66.3225,48.055 -65.85,48.025 -65.48611111,47.86166667 -65.35388889,47.89283333 -65.27416667,47.79916667 -65.2713312113881,47.7828249036473 -65.2800445555491,47.7777099606959 -65.299865722462,47.766078948539 -65.3119812015194,47.7623291017098 -65.3239822382871,47.7551460264519 -65.3315048223618,47.7542228697608 -65.3399200438899,47.7551574706297 -65.3527221680439,47.7511939999856 -65.3625335689809,47.7514839169196 -65.3794403069158,47.7364349366129 -65.387825011636,47.7325706483345 -65.4029617304692,47.7183876037634 -65.4241409297097,47.7077522278179 -65.4292144774168,47.7052078246388 -65.4417114251415,47.6950569154411 -65.4951934811329,47.6682434081244 -65.5136871338975,47.6648826601048 -65.5269317628352,47.6641120910743 -65.5719375607536,47.6644515989024 -65.5854873656487,47.6586608887329 -65.6155242914383,47.6487503051235 -65.6197891235026,47.6454315185591 -65.6185989382022,47.6426620484633 -65.6105041503322,47.6431274413325 -65.6068115240411,47.6456489563625 -65.6067047113835,47.6417007444138 -65.6079788208849,47.6391677855551 -65.6184692383592,47.6335144044606 -65.6255874629821,47.6332511900045 -65.6277389531873,47.6312522890436 -65.6217575078222,47.6237754822512 -65.624664306126,47.6204299929791 -65.6369018553287,47.6136779780987 -65.6438598633741,47.6161537170461 -65.6486358643253,47.6153678893343 -65.6539306645,47.6173400875373 -65.6587142941545,47.6165542597756 -65.6596069337182,47.6129226689547 -65.65552520784,47.6075592043429 -65.6611022952925,47.6047363282358 -65.6651382452376,47.5993576046866 -65.6692581175163,47.596420288228 -65.6698150632573,47.5998573306506 -65.6652755732724,47.6085052488998 -65.6659545903848,47.6142349243082 -65.6609573361993,47.6243858334316 -65.6742935181606,47.6334266661958 -65.6766738893796,47.6389770512254 -65.6838760371257,47.6430549620248 -65.6794357294048,47.6438484192987 -65.6573944090177,47.6389160154814 -65.6559753423857,47.6400184631403 -65.6580123902087,47.6455574036837 -65.65464782643,47.6509513856909 -65.6482315066231,47.650779723897 -65.6357803343187,47.6552391046715 -65.6320419313132,47.6555938720025 -65.6249847409798,47.6490020751289 -65.6227035525241,47.6532821658936 -65.6242446900974,47.6558380126923 -65.6583175658195,47.6748161314508 -65.6705017094292,47.6848869326172 -65.6766662595145,47.6866455073764 -65.6769485472876,47.6844825740769 -65.6630172734098,47.6743278499908 -65.662010193132,47.6696739198813 -65.6643524166816,47.6650123593535 -65.6734619135424,47.6616401673209 -65.6752624505286,47.663166046284 -65.6724548336862,47.6636734005766 -65.6700973504219,47.6666717530743 -65.6657867438046,47.6721458433189 -65.6687850959168,47.6753845212607 -65.6805191041621,47.6811447148239 -65.6858825680519,47.6862220766484 -65.7044143680179,47.6816406253024 -65.7027816776947,47.6843490598299 -65.6884613034183,47.6892509459186 -65.6865615842871,47.691558837574 -65.6895294185483,47.6930236816961 -65.6973419189796,47.691772461118 -65.6954040523433,47.6969375606971 -65.7011947634287,47.7022247310236 -65.7011947626752,47.7044868471007 -65.6973648073267,47.7050666804682 -65.6816329951038,47.6910209653736 -65.6800003055249,47.6914672855098 -65.7017822266839,47.7132263184279 -65.7095336912834,47.7429084774105 -65.7134094241593,47.757858276243 -65.7110443118476,47.7635116574649 -65.7175598136123,47.7739639283235 -65.7118453977297,47.7788391112525 -65.7305374147105,47.8017234799662 -65.7268905639507,47.8059654233302 -65.7356948856899,47.8180809021929 -65.7350158696088,47.8240013125473 -65.7374496463456,47.8288650516192 -65.7571411140388,47.8465156552803 -65.7632675169381,47.8548202514504 -65.7665939332641,47.8593254086199 -65.7757644651862,47.865272522072 -65.7877883908062,47.8687782286777 -65.8014526368513,47.8794136043898 -65.8182678217654,47.8885231020359 -65.8267440787189,47.8949127199 -65.8313369747069,47.9039344787849 -65.8362121579953,47.9017753601458 -65.8463592529709,47.9027214054566 -65.8890914923337,47.9106483459564 -65.8995513919092,47.9182167052299 -65.9087066656104,47.9186744689631 -65.937225342154,47.9132118224942 -65.9458541874375,47.9170761108297 -65.9537887581098,47.9149894712202 -65.9814453126374,47.9190864565816 -65.9880752563907,47.9158210758371 -65.9941329952642,47.9171104425985 -65.9999999997697,47.9206695559135 -66.010597228617,47.9270973202237 -66.0163574217269,47.927467345959 -66.0229949951059,47.92419815037 -66.034934997041,47.9233360289313 -66.0474700925417,47.9243240351465 -66.0581893914355,47.9273185729626 -66.081459044999,47.9244384763727 -66.0908508301492,47.9269409180433 -66.107192993604,47.9398880007037 -66.1119384761759,47.953468322355 -66.1160812377746,47.9521942135167 -66.134140014355,47.9516983030593 -66.1385269163324,47.95910644475 -66.1622390754874,47.9678688046697 -66.1708145144657,47.9655647281629 -66.1837234492774,47.9669837948453 -66.1863021845356,47.9697837827485 -66.1977462769117,47.9723243716765 -66.2104263309465,47.9705543517218 -66.2336959841815,47.9747238156122 -66.2341613763348,47.9790725708625 -66.2518615719415,47.9790077211257 -66.2603073125169,47.9874153135788 -66.2689666753462,47.9912567138698 -66.2744064335651,47.9913749692532 -66.2755279536413,47.9893455507946 -66.2732772826701,47.9865570064608 -66.2908096313443,47.9830551143764 -66.2883377068884,47.9848289490879 -66.2826766970421,47.9892730709557 -66.2858428955016,47.9943656916904 -66.2909164429291,47.9949340819992 -66.3053512574203,47.9920463560564 -66.313385009143,47.9949607851598 -66.3206558222693,48.0000000000422 -66.3540954592,48.0050392147495 -66.3610763547655,48.0115051269784 -66.3679122921973,48.0220985414312 -66.3690294238738,48.0255950853905 -66.3730850223894,48.0382843020769 -66.3706359857522,48.0457534788229 -66.3623352045211,48.0476112363485 -66.3550109867363,48.0517005921154 -66.3543167112009,48.054256438645 -66.3661880487313,48.058834076144 -66.3690719601691,48.0653152461489 -66.3716647738956,48.064886498754 -66.36983333,48.06666667</coordinates></LinearRing></outerBoundaryIs></Polygon>
  </Placemark>
  <Placemark id="Gulf_LFAS_polygons.2">
	<Style><LineStyle><color>ff0000ff</color></LineStyle><PolyStyle><fill>0</fill></PolyStyle></Style>
	<ExtendedData><SchemaData schemaUrl="#Gulf_LFAS_polygons">
		<SimpleData name="type">fishing zone polygon</SimpleData>
		<SimpleData name="species.code">2550</SimpleData>
		<SimpleData name="region">gulf</SimpleData>
		<SimpleData name="label">23B</SimpleData>
	</SchemaData></ExtendedData>
      <Polygon><outerBoundaryIs><LinearRing><coordinates>-65.27416667,47.79916667 -65.35391667,47.89283333 -65.05833333,47.9625 -64.736,48.102 -64.54722222,48.03888889 -64.54125,48.01719444 -64.54125,48.01694444 -64.5338077166509,48.0130186389193 -64.5328598024417,48.0116882329022 -64.5292892462044,48.0105438230955 -64.5288238520626,48.0092506408734 -64.5356826785289,48.0072975156622 -64.5383605963738,48.007743835188 -64.5406875611089,48.0115928646123 -64.5448226935908,48.0121078490193 -64.5514907833222,48.0068054201183 -64.5530014033603,47.9999999999198 -64.5524063115652,47.9842453002311 -64.5521240230086,47.9766578671048 -64.5542373661844,47.9714775083726 -64.5528488156681,47.9700889582148 -64.5624847409846,47.9619445798608 -64.569259643607,47.9580726628262 -64.5763626097934,47.9500999449337 -64.5782241822602,47.9486618042716 -64.5944824223461,47.9361152650068 -64.6005020141617,47.9287834166781 -64.6040801999328,47.9179420472113 -64.6043624872982,47.909954071296 -64.5990982054308,47.8990211482302 -64.5868606561208,47.890357971121 -64.5830230712989,47.8915939335445 -64.5864791872879,47.8951454160143 -64.5735931396448,47.8990287779917 -64.5570144659098,47.9107780455639 -64.5426025395237,47.9123153686473 -64.5338668830446,47.9152069088971 -64.5260467529233,47.9222984317396 -64.5169982903815,47.9277343750228 -64.4979019163533,47.9351577757447 -64.49719238327,47.9312477108124 -64.500648498583,47.9263420102973 -64.498062133035,47.9246482849121 -64.4967346191927,47.92003250078 -64.5036315918973,47.9084663388065 -64.5006790158056,47.9085617066558 -64.4982757576002,47.9091186521705 -64.4971847527275,47.9102172850543 -64.4938474653136,47.9158967117132 -64.50639,47.86723 -64.5068464270725,47.8668865514028 -64.4984359745456,47.9045982364672 -64.5016326909348,47.9067993160907 -64.5044403073746,47.9055404661832 -64.5119934089777,47.873950958135 -64.515892028467,47.8720359799288 -64.5223846428821,47.8715820312804 -64.5268554684094,47.8667182919029 -64.5357589716432,47.8615493775358 -64.5437774657419,47.8590965265979 -64.5574874872792,47.8618774411854 -64.5685348507745,47.8603401187174 -64.5766906739917,47.8554763796094 -64.5848083493424,47.855995178123 -64.5731124875841,47.8706665042098 -64.5745391845804,47.874149322349 -64.5839920046649,47.8792839047561 -64.597625732524,47.8788566592708 -64.6129684446277,47.8825988764016 -64.6346511847636,47.8835945126717 -64.6504287718331,47.8775215149431 -64.6550979610684,47.874256134157 -64.6575393669771,47.8690910340944 -64.6620101931947,47.8683013915456 -64.6716690062091,47.8666076661594 -64.6755447391675,47.869258880853 -64.6792144773977,47.8657302852235 -64.6750717168882,47.8621559142737 -64.674926758363,47.8596382142383 -64.6786117556045,47.8558807368923 -64.682128906211,47.8544006343952 -64.6954650878965,47.8532676693214 -64.7019195557425,47.8400039675389 -64.709625243628,47.8325004580106 -64.7124862665131,47.8261985776232 -64.7110214235589,47.8231773379876 -64.7014999392036,47.8233032226201 -64.701011657298,47.8207740779114 -64.7077636719938,47.8168945307643 -64.7083740240123,47.8089103697545 -64.6992111203089,47.8088226320699 -64.6871185306901,47.8159484863295 -64.6831283573237,47.8148918152332 -64.6802902223481,47.8120498654901 -64.672515869563,47.8115539552923 -64.6760711664467,47.8096237179649 -64.6891708377173,47.8025321961247 -64.698936462132,47.7902984615996 -64.6997833249262,47.7836990357831 -64.6948623655661,47.7814674373925 -64.6869659425082,47.7825660706744 -64.68334197995,47.7856407167265 -64.6774444580716,47.7872619627928 -64.6778488164952,47.7996215817054 -64.661842346631,47.7958602904212 -64.6596832277267,47.7886962895809 -64.6551361086798,47.7860221864958 -64.6496658326454,47.7865142825803 -64.6431121822389,47.7922286986479 -64.6331405637693,47.7939338681411 -64.627044677919,47.7980613709466 -64.623680114714,47.7933692928267 -64.6394653320721,47.7878036502565 -64.6425247185886,47.7867202758991 -64.645423889025,47.77996444737 -64.6531906126499,47.7761230463269 -64.6585845948052,47.7765426638709 -64.6659393304737,47.7736015321362 -64.6611251825677,47.7700042724373 -64.6619262699749,47.7684288025831 -64.6761932377181,47.7682456972353 -64.6862716677272,47.76516723647 -64.6968078608036,47.7605056759445 -64.7013015743294,47.7549476619757 -64.6874160765696,47.7457733148725 -64.6607666013488,47.7439270019056 -64.6611595089086,47.7388271392571 -64.67707,47.72099 -64.6820777649723,47.7206890232186 -64.6807174678529,47.7226791379854 -64.6811676023465,47.7237815852113 -64.6823959343832,47.7267532347786 -64.6864929200662,47.7292823792758 -64.696723937948,47.7305564880982 -64.7017288212455,47.7316436766566 -64.7093963629626,47.7421989441427 -64.7146911622581,47.743980407786 -64.7334823608893,47.742118835036 -64.7350006105429,47.7444572447001 -64.7304916376746,47.7502441408501 -64.7209472658132,47.7508277893115 -64.7243728641821,47.7548332213983 -64.7331008909223,47.7560501094738 -64.7365646360482,47.7595977784301 -64.7369308473355,47.7637290956802 -64.7448806758795,47.7662849427139 -64.7504653923762,47.7641906739636 -64.7457885743974,47.7587738042053 -64.7503204338576,47.7481842041331 -64.7617416389334,47.7451477048536 -64.7631607060342,47.7488555905401 -64.7618713385733,47.7524642941738 -64.7646026618404,47.7566757201941 -64.7690048216416,47.756828307848 -64.7762451175352,47.7506752016421 -64.7785415644625,47.7471466063497 -64.7804641722743,47.744190216357 -64.7796554571334,47.7414169310556 -64.7731170653059,47.738224029149 -64.7814559936755,47.7309684754982 -64.7769165035612,47.7237205506443 -64.7733154298338,47.7219963076993 -64.7631530761364,47.7218780516397 -64.761009216841,47.7188301083441 -64.7637939450043,47.7134437564186 -64.7612915037328,47.7106132506745 -64.7565917973853,47.7099952697153 -64.7616729738985,47.7010231020991 -64.7733078010578,47.6995964047611 -64.775535582906,47.6969261169377 -64.7750701904863,47.6941680909166 -64.7778778083443,47.6928901670969 -64.7808151244513,47.6943664550122 -64.7819213866594,47.7021751400064 -64.7847900388775,47.7045555110701 -64.7947998043325,47.7067298883888 -64.7902984618624,47.712520599428 -64.7883529665366,47.7237930300534 -64.792694091676,47.7306861877252 -64.797340392697,47.7239913939459 -64.7983627323823,47.7361106868784 -64.8018798828696,47.7389755244797 -64.808952331218,47.7396736145916 -64.829719543318,47.7339744571064 -64.8351287842526,47.7387313846264 -64.8420791629242,47.7364501953238 -64.8444519039786,47.7319564821417 -64.8486938469078,47.7295875550553 -64.8502655026178,47.7312393182691 -64.8493728634583,47.7387466431263 -64.8546981815718,47.7400741580796 -64.8650894165254,47.7463607790925 -64.8744964603573,47.7475929261218 -64.8793334957662,47.7509574889072 -64.8801651005686,47.7535018919218 -64.8514251710476,47.7477340698101 -64.8427810662347,47.7499580383215 -64.8322448732645,47.7498168949501 -64.8085556027194,47.749488830532 -64.7973937987573,47.7536811825835 -64.7877960208633,47.7595252993504 -64.7865600584359,47.7624549860402 -64.7960281374475,47.7719230651845 -64.791572570689,47.7770271303893 -64.795471191147,47.7887725829565 -64.8054962152766,47.7951011659984 -64.8097457890405,47.8018760682231 -64.8156890872009,47.8041343689568 -64.8291473388694,47.801158905043 -64.8417129511271,47.8056983946216 -64.8598098753314,47.8042488099805 -64.88029480004,47.7980728148622 -64.8934173584427,47.7996520995258 -64.9078903194517,47.7967071531336 -64.925315856412,47.7904243468558 -64.9397277829315,47.7929534908474 -64.9559555058371,47.7891426083961 -64.9614715577195,47.789150237764 -64.9705429075939,47.7891616823882 -64.9774475096004,47.787559508831 -64.9999999996733,47.7763442994735 -65.0098114014839,47.7714653018803 -65.0163040164703,47.7707595825848 -65.0252532962401,47.7737922666739 -65.0404510497305,47.7747344967925 -65.0534896848452,47.7678375238479 -65.0697326660083,47.7683563235874 -65.0729217527562,47.7616004944042 -65.0785217281561,47.7590293884981 -65.0892105103363,47.7614250184686 -65.0993728638705,47.756721496812 -65.0993347166252,47.7622070307909 -65.0960693362562,47.7653045652854 -65.0784149168843,47.7654304500036 -65.0762634274945,47.7671928405566 -65.0783462524224,47.7713699336712 -65.0740127556645,47.7751197815976 -65.0640182496505,47.7773132323006 -65.0648574826002,47.7798576355197 -65.0733718876229,47.7794418336014 -65.0824356083164,47.7808723450537 -65.0838699341028,47.784568786874 -65.0967407231492,47.7897796632909 -65.0976181034418,47.7918624877255 -65.0955200189758,47.7927093503555 -65.0797958371771,47.7894706726442 -65.0708770751198,47.7859878535704 -65.0644454958885,47.7905845646233 -65.0407485960972,47.7994232177301 -65.0348815911423,47.8056373597743 -65.0291061395015,47.8008842466738 -65.0253448480908,47.8012199403871 -65.0271987911718,47.8085937499671 -65.0239410403131,47.811458587643 -65.0128173823203,47.8104133603173 -64.999999999583,47.8145065307953 -64.9926681516421,47.8168487546585 -64.9877395626298,47.8240051265447 -64.9844741813963,47.8240280151459 -64.9812088016335,47.8194389341763 -64.977241515905,47.8160476681724 -64.9714355468206,47.8129997249672 -64.9700393670508,47.8153915404738 -64.9875869751727,47.8308563235116 -65.0000000001164,47.83064651468 -65.0015335086822,47.8306198118348 -65.0196075440381,47.8344001770108 -65.033836364673,47.8300590510632 -65.0516662593405,47.8276596065179 -65.1087646481639,47.8269500729062 -65.115242004993,47.8242835998315 -65.1185531619802,47.8229179380612 -65.1358489987136,47.8232307432948 -65.1458740230169,47.8205718989751 -65.1553802485686,47.8206367494535 -65.1662826534163,47.8150329589747 -65.1755218507787,47.8139495845939 -65.1859512335153,47.8154182432515 -65.1921081536461,47.8146896363779 -65.2494430548343,47.794956207313 -65.2585114059966,47.7875898940391 -65.27416667,47.79888889 -65.27416667,47.79916667</coordinates></LinearRing></outerBoundaryIs></Polygon>
  </Placemark>
  <Placemark id="Gulf_LFAS_polygons.3">
	<Style><LineStyle><color>ff0000ff</color></LineStyle><PolyStyle><fill>0</fill></PolyStyle></Style>
	<ExtendedData><SchemaData schemaUrl="#Gulf_LFAS_polygons">
		<SimpleData name="type">fishing zone polygon</SimpleData>
		<SimpleData name="species.code">2550</SimpleData>
		<SimpleData name="region">gulf</SimpleData>
		<SimpleData name="label">23C</SimpleData>
	</SchemaData></ExtendedData>
      <MultiGeometry><Polygon><outerBoundaryIs><LinearRing><coordinates>-64.53611111,48.02177778 -64.54125,48.01719444 -64.54722222,48.03888889 -64.736,48.102 -64.5,48.20416667 -64.03611111,48.20416667 -64.03616667,47.56988889 -64.88091667,47.28855556 -64.972260824875,47.2881276525062 -64.9719390876862,47.2885093687306 -64.9703919222215,47.2910390637106 -64.96766667,47.29175 -64.96777778,47.29175 -64.9701463230575,47.291440630955 -64.964538574243,47.3006095882184 -64.9664459232277,47.3116455076714 -64.9707870483055,47.3168220524069 -64.9611740111285,47.3336563111052 -64.9610748296827,47.3398284912658 -64.9587688075652,47.3439607456354 -64.9564361574755,47.3481407166148 -64.9550247188417,47.3538093567378 -64.9583282470051,47.3594055178919 -64.9514770502285,47.3658065795638 -64.9538879398079,47.3697776792087 -64.9454803473457,47.3743019101779 -64.9346237189243,47.3846893310631 -64.9288635255338,47.3945617675369 -64.9263916015449,47.3960838319904 -64.920776366897,47.394523620809 -64.9115371709197,47.3965034481739 -64.9089126593063,47.393604278411 -64.9134521481774,47.3873977661478 -64.9174804689032,47.3672409061825 -64.9248962406394,47.3508186341396 -64.9235916140967,47.3465995793358 -64.927947998172,47.3378524780393 -64.9219131465543,47.3418121339274 -64.9186706541806,47.3467025756211 -64.9075012211579,47.384963988992 -64.9059219352788,47.3931350710352 -64.9013671872089,47.4206314087668 -64.8932571412595,47.4301948550906 -64.891410827294,47.4369926454155 -64.8775177000457,47.460994720106 -64.8765335087949,47.4698829648475 -64.8723373410802,47.4857482904421 -64.8689346316278,47.5270500185032 -64.8631439211625,47.5432815551183 -64.8635711668646,47.5465888975664 -64.8610610958005,47.5506515504123 -64.8565063471481,47.5539932254031 -64.8569412229845,47.5581130984815 -64.8535618241549,47.5640984824588 -64.850173949914,47.5700988763693 -64.849891662317,47.5736846925352 -64.8419647220162,47.5827140811981 -64.8418579097495,47.5857086184425 -64.8445663454077,47.5865707401874 -64.8462448124288,47.58821868921 -64.8443069453849,47.5915832520919 -64.8415069585974,47.5928611756615 -64.8381652836173,47.5922889711152 -64.8266296387054,47.6019592283664 -64.8064270014562,47.6234512330225 -64.7844467163836,47.6532440182672 -64.7803344729667,47.6553153988635 -64.7626953128848,47.6695098873996 -64.7634506226151,47.6729660029417 -64.7698822024797,47.6775283818448 -64.7675628667095,47.6813354489889 -64.7588195802071,47.6849174499572 -64.7601318363869,47.6899986270411 -64.7572784419824,47.6919593807561 -64.749786377494,47.6923866271525 -64.7459030156572,47.6945381166146 -64.7356033327329,47.6962394713436 -64.7226638794338,47.6925926203472 -64.7064285274393,47.7011718747361 -64.6960754395218,47.7035560607305 -64.67534637418,47.7131195062982 -64.6833038326603,47.7154541017836 -64.6845321648746,47.7170982360151 -64.6818720392244,47.72099 -64.67868,47.72099 -64.6593597040468,47.7230225311348 -64.6596374509648,47.7225990297001 -64.6668624878576,47.7204933168212 -64.6670761111061,47.7178611755497 -64.6651763911713,47.7171287536573 -64.6579360959113,47.7195014952125 -64.6436157225003,47.7289199824204 -64.6204071043539,47.739528655478 -64.6139144896455,47.7445564273031 -64.6234207157056,47.7487831119221 -64.6308441163832,47.7579612732285 -64.6292648319022,47.760875701997 -64.6242370608845,47.7600135805831 -64.6114196778887,47.7504119868377 -64.6077346803463,47.7498245235646 -64.5938949584902,47.7575645445245 -64.5804443361451,47.7689704894823 -64.578079224206,47.7732315060842 -64.5701141354875,47.7795753477788 -64.5616760254232,47.7918472285842 -64.5522079463808,47.7999649047311 -64.5408477787033,47.8061828616613 -64.5310134889516,47.8273162846988 -64.52655029241,47.8321838377675 -64.5125656119594,47.8456230164579 -64.5088653560887,47.8578338619095 -64.5006676979235,47.8945913968936 -64.4948287527399,47.9142267476742 -64.4849548342406,47.9310302737113 -64.4750061030496,47.9404945373655 -64.4726867671113,47.9438400270269 -64.4709625238533,47.9483489991777 -64.4762725830988,47.9627113342673 -64.4803009037371,47.9676589966284 -64.4856948850607,47.9683151244557 -64.4813385004953,47.9723701477682 -64.4785690304462,47.9724731448254 -64.4781417843387,47.9738883975111 -64.4830780031385,47.9796485898406 -64.4848327630655,47.991596222078 -64.4902725221249,48.0000038148872 -64.5234397208511,48.011428900008 -64.53611111,48.02166667 -64.53611111,48.02177778</coordinates></LinearRing></outerBoundaryIs></Polygon><Polygon><outerBoundaryIs><LinearRing><coordinates>-64.7750886602303,47.6942775470067 -64.7750701904863,47.6941680909166 -64.7778778083443,47.6928901670969 -64.7808151244513,47.6943664550122 -64.7810234757638,47.6958371278378 -64.7750886602303,47.6942775470067</coordinates></LinearRing></outerBoundaryIs></Polygon></MultiGeometry>
  </Placemark>
  <Placemark id="Gulf_LFAS_polygons.4">
	<Style><LineStyle><color>ff0000ff</color></LineStyle><PolyStyle><fill>0</fill></PolyStyle></Style>
	<ExtendedData><SchemaData schemaUrl="#Gulf_LFAS_polygons">
		<SimpleData name="type">fishing zone polygon</SimpleData>
		<SimpleData name="species.code">2550</SimpleData>
		<SimpleData name="region">gulf</SimpleData>
		<SimpleData name="label">23D</SimpleData>
	</SchemaData></ExtendedData>
      <Polygon><outerBoundaryIs><LinearRing><coordinates>-64.88091667,47.28855556 -64.03616667,47.56988889 -64.03613889,47.453 -64.03613889,47.24827778 -64.03611111,47.14027778 -64.81883333,47.01333 -64.81916667,47.01333 -64.8249638154527,47.0125338825088 -64.8258285520901,47.0138969421539 -64.8331069946125,47.015060424631 -64.8316040043052,47.0172958373022 -64.8268127443255,47.0187377931841 -64.8256225592892,47.0212097168102 -64.8265457158611,47.0315361021191 -64.8314208976286,47.0426864625803 -64.8319244389512,47.0541419980632 -64.8245849602085,47.0628166199817 -64.8070602417387,47.0688476567064 -64.8038330076583,47.0717124939144 -64.8065185546408,47.0761489869665 -64.820526122537,47.0770874023213 -64.8303680422758,47.079944611109 -64.8761215215937,47.0821838376459 -64.8812103270521,47.0819244381421 -64.9380111697889,47.0789947513858 -64.9515609744982,47.0769309998362 -64.9517364500259,47.0744209292316 -64.9395675654436,47.0712738037495 -64.9444198606997,47.0689163206069 -64.9522094728602,47.0678062442562 -64.951194763501,47.0631942749866 -64.9545745849529,47.0580444331702 -64.9774169918549,47.0523948667535 -64.9867401124552,47.05315780617 -64.9882141449775,47.0505070610543 -64.9937769482522,47.0521793739519 -64.9993531231966,47.0538541570035 -64.998710632085,47.0544624326925 -64.9999999995009,47.0579566954594 -65.0104675290825,47.0635490413151 -65.0114669798472,47.0683822628194 -65.0087127688251,47.0742378233909 -65.0094146733122,47.078609466606 -65.0140304557525,47.0796737671827 -65.0259704591355,47.0718307498844 -65.0306015014127,47.0726661685143 -65.0290069574201,47.076271057416 -65.0188064571941,47.0831642149606 -65.0170516968621,47.0843505856352 -65.0172119144202,47.0868721005788 -65.0325622558191,47.0878257748413 -65.0467300418208,47.0816535954003 -65.058815002302,47.0813598628033 -65.0711135867038,47.073062896517 -65.0764923101489,47.0727767945306 -65.0796890262343,47.0701370239503 -65.0754013063925,47.064281463282 -65.0758743283115,47.0622367862092 -65.0805587764715,47.0623855593763 -65.0892868044106,47.0718154909699 -65.1028213503321,47.0747642520107 -65.1112747191474,47.0736618040488 -65.1426773071576,47.0552139281289 -65.1439895631079,47.0512123108091 -65.1478805549131,47.0473957056426 -65.1517715452346,47.0435791012498 -65.1521072391298,47.0445327760899 -65.1568145753793,47.0442237859535 -65.1609802244728,47.0420684809585 -65.1705627445405,47.0339050292385 -65.1731567378386,47.0401649477476 -65.1861419680362,47.0412559515157 -65.1953659058878,47.0385742184863 -65.2119598387515,47.0406875606947 -65.2140808103552,47.0373802183793 -65.2166900629983,47.0372543335235 -65.2178573608697,47.0378875734574 -65.2195434567474,47.0387115480828 -65.225174083193,47.0379839725964 -65.2301712038417,47.03733825721 -65.2353591915138,47.0385169983188 -65.2360610964268,47.040412902418 -65.2282867434887,47.0401535033999 -65.2255859374232,47.0422515872799 -65.2287063602641,47.0457801820088 -65.2186508182274,47.0459251406505 -65.2144393920008,47.0487709047186 -65.212997436061,47.0553588869497 -65.2073669433005,47.0645599360593 -65.2106933593931,47.0749549869783 -65.2076110842898,47.0810394283361 -65.2084579468963,47.0833511355306 -65.2124710087343,47.0834770202854 -65.223320007159,47.0815238951626 -65.257179260207,47.0711326598028 -65.2655487056697,47.0711593625349 -65.2735214231426,47.0773468015633 -65.2788085943058,47.0784263608718 -65.2859420772527,47.0709915158528 -65.2862472532962,47.0695610042862 -65.2841796873694,47.0690612793954 -65.2793655397022,47.0714950562258 -65.2808837887473,47.0694236756188 -65.2858657830962,47.0626335144543 -65.2861938479465,47.0576019283521 -65.2885818485131,47.0569915768428 -65.2917785643711,47.0644111631551 -65.3059921260535,47.0595130916066 -65.3076095581984,47.0624771116633 -65.3080749518946,47.0662765501187 -65.3177947999494,47.0713729856635 -65.3405380247005,47.0770874019575 -65.3483200070049,47.0759468079218 -65.362228393451,47.0784225465163 -65.3614730836071,47.0850296023441 -65.3651275630376,47.0908584591434 -65.3577194218206,47.0936203005577 -65.3542633053285,47.0930519100557 -65.350814818656,47.0892868041383 -65.3345947271219,47.0965766907896 -65.3213272094791,47.1048698426968 -65.309989929398,47.109104156107 -65.2751770018354,47.1135368341948 -65.2605285647217,47.127269744673 -65.2451248172823,47.1320571896976 -65.2161636352346,47.1490058899815 -65.2138671879206,47.1569824220794 -65.2135543826786,47.1580734249866 -65.2072219847772,47.1631660460745 -65.2020645139919,47.1637420651632 -65.2010574343832,47.1624641419803 -65.2073211664565,47.1566925050851 -65.2043609619949,47.1550483702026 -65.1685638427577,47.178398131957 -65.1235427852527,47.203739166514 -65.1198501587616,47.2086524967976 -65.1215896607903,47.2125968934708 -65.1227493284983,47.2153778080595 -65.1155014033447,47.213314056205 -65.109107971254,47.2183799744313 -65.1192932127232,47.2216720583005 -65.1174621577251,47.2238998413893 -65.1091995232901,47.2268409731424 -65.1125564574137,47.231754302656 -65.1093978883398,47.2337074278429 -65.0970458979774,47.2326278686171 -65.0887298585833,47.2362518311514 -65.0817794801745,47.2444915768963 -65.0643844610728,47.2578849793545 -65.0532684329952,47.2630157468458 -65.0392303470014,47.2666816709264 -65.0127944949645,47.2793121336998 -65.0059661865738,47.2803688052478 -64.9999999995069,47.2812843320368 -64.9944381711611,47.2821502681524 -64.9861907955643,47.2798194882626 -64.9790191656578,47.2801094052661 -64.972260824875,47.2881276525062 -64.88091667,47.28855556</coordinates></LinearRing></outerBoundaryIs></Polygon>
  </Placemark>
  <Placemark id="Gulf_LFAS_polygons.5">
	<Style><LineStyle><color>ff0000ff</color></LineStyle><PolyStyle><fill>0</fill></PolyStyle></Style>
	<ExtendedData><SchemaData schemaUrl="#Gulf_LFAS_polygons">
		<SimpleData name="type">fishing zone polygon</SimpleData>
		<SimpleData name="species.code">2550</SimpleData>
		<SimpleData name="region">gulf</SimpleData>
		<SimpleData name="label">24</SimpleData>
	</SchemaData></ExtendedData>
      <Polygon><outerBoundaryIs><LinearRing><coordinates>-64.0361111111111,47.1402777777778 -64.0361111111111,47.3069444444444 -63.7916666666667,47.1327777777778 -60.75,47.0383333333333 -61.5041666666667,46.625 -61.8516666666667,46.4644444444444 -61.9736111111111,46.4486111111111 -62.0003017822306,46.4454598654455 -62.0000000002558,46.4462661739235 -61.9926300042637,46.4513053893582 -61.9848136896707,46.4582481382683 -61.98653030399,46.4612083439288 -61.9999999997546,46.4683265681304 -62.0200576774316,46.4615707398673 -62.0553588865125,46.4663772580778 -62.0717163084134,46.4657173158061 -62.0787773127354,46.4649124143415 -62.0807647707434,46.4678459164521 -62.1073265073223,46.4707527164376 -62.1492996217418,46.4809608463189 -62.1635742186014,46.4810905454996 -62.1707000726022,46.4826393126286 -62.185932159008,46.4802932737185 -62.2115974425177,46.482437133921 -62.2287406921898,46.4781684871814 -62.2348785397688,46.4766426088114 -62.2639732358549,46.4750671381149 -62.2689590451876,46.4693832397653 -62.2719573972358,46.4693222049299 -62.2719726566493,46.4748268129243 -62.3187332156865,46.4698715213663 -62.347053528008,46.4691543582543 -62.3809432981002,46.4662132265179 -62.3858108519111,46.4614334110792 -62.3892974851766,46.4657554626946 -62.3938140865388,46.466922759576 -62.4164924623002,46.4661064150328 -62.4310340879513,46.469654083527 -62.4698905939206,46.4697113035422 -62.4794540401865,46.4732093808093 -62.491390228089,46.4734039304038 -62.5167694094419,46.4692764284149 -62.551589965219,46.4667892454659 -62.5582580561625,46.4670867919836 -62.5747261047056,46.467807769258 -62.5916404719691,46.465042114344 -62.6315307615695,46.4646415710854 -62.6791076657643,46.4547805783294 -62.6984024051722,46.4544143675416 -62.735275269278,46.4451103209881 -62.7307968141577,46.440521240394 -62.7188912978008,46.4383024318787 -62.7301099522683,46.4310760541392 -62.7358665467776,46.4366569522966 -62.7480278020133,46.4377517701756 -62.7491035465676,46.4432525633318 -62.762477874578,46.4421730043628 -62.802730560625,46.4321022034213 -62.8249206540302,46.43099975607 -62.8336906434387,46.4311790465617 -62.8380393982598,46.4277343748204 -62.8423080448032,46.4281845090893 -62.8440666201424,46.4303359988207 -62.8552360542088,46.4313659666624 -62.8782730107153,46.4300270081494 -62.9156074526015,46.425277709841 -62.9332962034726,46.4211273195842 -62.9683990476191,46.4185447692765 -62.9926338200708,46.4151725771835 -63.0198745756281,46.4144630323393 -63.0308418208365,46.4132499815009 -63.0423507550029,46.4135551447208 -63.0423431264831,46.40971375012 -63.0496330097216,46.4095001228143 -63.0619239804113,46.4122047423464 -63.0715408324535,46.4124107362645 -63.1180229189705,46.4213867187681 -63.1438217166921,46.4286079409997 -63.1487731931394,46.4288558956997 -63.1522293093697,46.4242057802821 -63.1591720584467,46.4259910581401 -63.1581115776118,46.4277496245258 -63.1617622371155,46.4282341004385 -63.1781654315116,46.426841728181 -63.2095680232093,46.4279022219101 -63.2394218608658,46.431171415521 -63.2420501838122,46.434738161975 -63.2663764946875,46.4402580260973 -63.2779235837726,46.444244384236 -63.288627624344,46.4500236509697 -63.2957229618016,46.4487571720206 -63.3055953982505,46.452892303387 -63.3000411983866,46.45537948594 -63.3072433468534,46.4630546568113 -63.307075500069,46.4680900574101 -63.3113136229205,46.472187037092 -63.3138732866336,46.4798698331249 -63.317123413288,46.4820594786875 -63.3200988775097,46.4840621946839 -63.3232116607109,46.4894790663293 -63.3667182885931,46.4961090209649 -63.3835716249922,46.5003395085306 -63.3937110913627,46.4985160827624 -63.4889373781338,46.5095634464831 -63.4934349064303,46.5111427307303 -63.4911880491302,46.5137901303232 -63.5013809204653,46.5252571108127 -63.520858765308,46.5334777831302 -63.5612869262102,46.5380592343337 -63.6186218254967,46.5536956786582 -63.6341285703694,46.556720733696 -63.6643142696656,46.562602996588 -63.6795616157625,46.5630455015586 -63.6899566652654,46.5584640506759 -63.696926116876,46.5585441585454 -63.7004280090369,46.5566368106627 -63.700328826637,46.5541114804572 -63.6740341192848,46.5545501710011 -63.6679382330421,46.5522270201152 -63.6644668576669,46.5431365969252 -63.6721000671292,46.5324783327875 -63.6596145631631,46.5310058596391 -63.6568489072626,46.528594970879 -63.660678863941,46.5267028812082 -63.6645202640571,46.5282478329625 -63.675838470286,46.5187644961642 -63.6759910589968,46.5298995969378 -63.6809883124394,46.5333251950731 -63.6808776853203,46.5381355283512 -63.6859703071403,46.544086456115 -63.6913871767948,46.546615601058 -63.7016448976531,46.5470695498356 -63.7061843866222,46.5518493652204 -63.7118377679841,46.5501976012436 -63.7143135072093,46.5508384705791 -63.7081222535119,46.5560569764342 -63.7141571048315,46.5590744022812 -63.718856810786,46.5585899355295 -63.7273025512984,46.5534629819774 -63.7268600459955,46.5438194274808 -63.7341308597647,46.5333747865315 -63.7388687131596,46.5324325563285 -63.7387237544208,46.530368805233 -63.7352104189677,46.5288391118536 -63.723323821775,46.5280876154578 -63.7171592714811,46.5301094059897 -63.7135620119103,46.5294952389022 -63.7087326052367,46.5242424008581 -63.7040367123744,46.5247230532704 -63.700946807242,46.5186271669183 -63.7023620606868,46.51411056553 -63.7007217409472,46.5067062382562 -63.7027130127368,46.5031280518339 -63.707855224199,46.5049591064335 -63.7070388802226,46.5101928709422 -63.7097625735647,46.513065338421 -63.7091598505001,46.5160140991061 -63.7151756290119,46.5155906680258 -63.7389564515234,46.5060958858274 -63.7463417053562,46.5016059877353 -63.7517814638141,46.4965782163728 -63.754455566636,46.4854660036404 -63.7477416994913,46.4826545712607 -63.7410240173069,46.487174988264 -63.7307968141368,46.4864921574197 -63.7253189086486,46.4883155819929 -63.7222671508602,46.485431671404 -63.7313194279858,46.4807891848483 -63.7336387628903,46.4772262571934 -63.7367401120067,46.4759902957084 -63.7332687383297,46.4740028378865 -63.7223014836185,46.4742088316675 -63.7091712952989,46.4690513615203 -63.7012748719891,46.4611396787204 -63.7033042910163,46.4571075445291 -63.6980628967973,46.4564170841556 -63.687770843485,46.4600868221495 -63.6782531736645,46.4589767451115 -63.6802635188384,46.4551734927483 -63.6891403194913,46.4560241700303 -63.6983795164346,46.4529952999746 -63.7100868227266,46.4519081119117 -63.7188186645149,46.4543533327059 -63.7244453428984,46.4472694393079 -63.7221145628627,46.443729400317 -63.7131118770828,46.4442481995011 -63.704799651414,46.4409065247399 -63.6979064936137,46.4401397703732 -63.6967964169574,46.4378013605415 -63.6984519963496,46.4342155457586 -63.694786071287,46.4308395388356 -63.6986045838876,46.4289474490777 -63.7052955630777,46.4283256535091 -63.7054443360157,46.4374961853511 -63.7179527284162,46.4385070802238 -63.7246665947861,46.4339904786831 -63.7323455809063,46.4334144587817 -63.7390594485045,46.4288940428749 -63.7426300048291,46.4297409058785 -63.7421760564039,46.4307518002332 -63.7401275632253,46.4353561399179 -63.7467308047852,46.439308166482 -63.7510643010126,46.4390411378298 -63.7585639953563,46.4331817625561 -63.7626228338074,46.4395446776113 -63.7603721621444,46.4424247739493 -63.7660903930888,46.4451942447816 -63.7832260132334,46.4427299502112 -63.7924346923819,46.4399223329925 -63.7853355414995,46.4341163633289 -63.7894630436481,46.4324645996558 -63.7940864557258,46.4363288878539 -63.800899505702,46.4379997251798 -63.8038291930528,46.4459152218162 -63.8072586054831,46.4483528135755 -63.8472976681012,46.4567184448158 -63.8527069084376,46.4519119263022 -63.8559341434362,46.4529609683266 -63.8593559265755,46.4517364505227 -63.8589248660585,46.4565353395664 -63.8537864685722,46.4583740237726 -63.8494529719501,46.4623107912256 -63.8397216794442,46.4598312372581 -63.838264464755,46.4687004091097 -63.8320236198872,46.4679756164453 -63.8259696957497,46.4651985169193 -63.8199195864966,46.4660797120163 -63.8172988890484,46.4730682368616 -63.8200263982138,46.4759407042289 -63.8188095089539,46.4784049986871 -63.8096580502291,46.4841957088595 -63.8166465758889,46.4950332645926 -63.8254089354617,46.4972419740867 -63.8292541506802,46.5061149600992 -63.8357696536678,46.5112037656567 -63.8364334101004,46.5148963928398 -63.8394699096191,46.51433944746 -63.8431434628947,46.5067100519832 -63.8491134645175,46.5030746460986 -63.8545303352195,46.501926422062 -63.8633728025263,46.5181121827581 -63.8707199095298,46.5250663754925 -63.8665122981804,46.5349655151749 -63.8709259034367,46.5413398744874 -63.866012573848,46.5480003357974 -63.8573074338887,46.5524406433851 -63.8522758477411,46.5574874879223 -63.8535079957698,46.5605239866789 -63.8592491155316,46.556232452534 -63.8635406493458,46.5570602417819 -63.8659820557931,46.5594520572557 -63.8727645872147,46.5579109189767 -63.8756027222679,46.5596351628058 -63.8705825805163,46.5637702944854 -63.8668594357069,46.564529418775 -63.8591575626418,46.5614509586729 -63.8562622070329,46.5640754698452 -63.8604087826702,46.5697555537433 -63.8599128724227,46.5715675357884 -63.8426132207647,46.5680770871529 -63.8352088926121,46.572799682537 -63.8433837895594,46.5779533384372 -63.8570480349602,46.5812911987393 -63.8640518185797,46.5884666438552 -63.8764038081101,46.5878410337996 -63.8832435609647,46.5931701664206 -63.8853912350327,46.5938110350333 -63.886875152294,46.5924758911925 -63.8878707886196,46.5855178828585 -63.8912658687462,46.5854377747746 -63.8924636837122,46.5871238705372 -63.8918304442642,46.5973663325798 -63.8937683110621,46.598384857391 -63.8958778378404,46.5975456240743 -63.8952407842424,46.5925827026272 -63.9047126774299,46.5835456846235 -63.9113960267709,46.5831375119656 -63.916828155374,46.5781021116534 -63.9201622003106,46.5780105593455 -63.9159736629677,46.5840187075835 -63.9050560001633,46.5908889773471 -63.9070434570356,46.6021957394461 -63.9139404296084,46.6031723018108 -63.9155921929043,46.6108016967789 -63.9219284057278,46.6106071474121 -63.926288604241,46.606441497802 -63.9307441714927,46.6086921696064 -63.9219551081365,46.6140480042346 -63.9204750063236,46.6194801328811 -63.9171409602287,46.6195678709691 -63.9058418272426,46.6119918821592 -63.9002571110248,46.603744506792 -63.8892021180446,46.6046447752101 -63.8839721684334,46.6038169858367 -63.8813323977504,46.603397369525 -63.877735138489,46.6064491274165 -63.8821907044681,46.6235885625101 -63.880374909162,46.6290092468158 -63.8794479372627,46.6319465633944 -63.8814620979351,46.6354675291056 -63.8887176510528,46.6399002071112 -63.8903846737958,46.6436347956846 -63.8971633916187,46.6459808349208 -63.9123115547021,46.6477661131208 -63.9219284058841,46.6406135559046 -63.9214248655701,46.6463165278829 -63.9298515316518,46.6526260375892 -63.9286727906477,46.6546363831054 -63.9176025386361,46.6518821719614 -63.9082450859391,46.6560668946292 -63.9274177549554,46.6763420108375 -63.9500236509518,46.6804962153461 -63.9587707526195,46.6794891357849 -63.9596061709446,46.681354522683 -63.9574279791955,46.682945251495 -63.956047058446,46.6839523316487 -63.9470291143005,46.6842651364396 -63.9468269349747,46.6865463262354 -63.9613037112824,46.6960830686166 -63.969963073959,46.6998786924926 -63.9720764162573,46.7061462400623 -63.9816360473044,46.7133674622519 -63.9698142998946,46.709114074659 -63.9662628177225,46.7116317749787 -63.9678344733668,46.7165069580229 -63.9982719427093,46.7418136596768 -64.0108871458735,46.7462272644103 -64.0140533441237,46.7442970276942 -64.0071334845336,46.7357673645354 -64.011024475366,46.7331810001266 -64.0214462287529,46.7397918699744 -64.0254898064962,46.7392730712257 -64.0339431757675,46.7302322387582 -64.0389022832568,46.7306632996219 -64.0442123410062,46.7347755427062 -64.0555419922557,46.7386741637188 -64.0619812018455,46.745121001995 -64.06710052565,46.7476158140453 -64.0695648190588,46.7461166384883 -64.0695648194757,46.7422218321747 -64.0734176634021,46.7400894166947 -64.0771484377038,46.7432174684318 -64.0830841061444,46.7478103639274 -64.0857009887213,46.75616073627 -64.0845413211102,46.7618370052939 -64.0925521847125,46.7694892884743 -64.0985183719988,46.7702865601168 -64.0951919549231,46.7748146055982 -64.0771331793176,46.7704658505801 -64.0739822387022,46.7721710207392 -64.075057983321,46.7751884459023 -64.0928115849118,46.7782020566099 -64.0970306400136,46.7795181275181 -64.1013717646998,46.7833557127167 -64.1002578740529,46.7846794127313 -64.0965423589231,46.785221099805 -64.0904006954542,46.7829093934005 -64.085044860724,46.7831497196919 -64.0799560553538,46.7918739318002 -64.0799179083354,46.7962226865645 -64.0889663697166,46.807353973093 -64.0852355954738,46.8081169125764 -64.0758514411392,46.8008651731133 -64.0731658938403,46.804878234727 -64.070098876709,46.8056678771813 -64.0693969726668,46.8022117619706 -64.0745849602536,46.7884521485722 -64.0723571777317,46.7833251956615 -64.067878723139,46.7810783390013 -64.0644607543243,46.7820854185581 -64.0641860957362,46.7852783200299 -64.0692062377427,46.7928123473976 -64.056671141975,46.8092689514797 -64.0541458132662,46.8125762942215 -64.0576858520857,46.8179855348958 -64.0558624263263,46.8197441097633 -64.0515441901844,46.8195648192549 -64.0477218626594,46.8172149658952 -64.0466842647316,46.814327240222 -64.044013977204,46.8143348697162 -64.0402374265619,46.8131446837336 -64.0412673945211,46.8072395326666 -64.0392150872193,46.8039512636512 -64.033576965272,46.8073844908938 -64.0340652463432,46.8209114076312 -64.0289993290234,46.8369598390698 -64.0163574219422,46.8517799382375 -64.0190963747547,46.8624267580744 -64.0166702271918,46.8634719853772 -64.0131912236406,46.8573760988425 -64.0061416625062,46.8616638184676 -63.9980773921238,46.8698043824456 -63.9803886411413,46.8809776307338 -63.9822540288858,46.8986167905998 -63.982944488737,46.9051246645898 -63.9883728027706,46.9175224300822 -63.9970283515612,46.9389038084075 -63.9994926451824,46.9527435304699 -63.9930038450876,46.9808616633056 -63.9968605047524,46.9979629514309 -63.9939422605133,47.0044822690507 -63.9962692262639,47.0199127193845 -63.9926414491961,47.0411872868045 -63.9914207459852,47.0483283996256 -63.9980998210807,47.0559125050436 -63.9968888888889,47.0576944444444 -64.0361111111111,47.1402777777778</coordinates></LinearRing></outerBoundaryIs><innerBoundaryIs><LinearRing><coordinates>-63.8202667230789,46.6241531374886 -63.8504333497974,46.6401023870154 -63.8578300467646,46.6448249818759 -63.8712081905885,46.6533546447309 -63.8760986332228,46.650814056198 -63.8642349235306,46.6420669556474 -63.863090515666,46.6362915036636 -63.8605613702331,46.6348075868034 -63.8512191772623,46.6350975039279 -63.8387031561457,46.629981994704 -63.8289031982846,46.6242942810845 -63.8052902221649,46.6058731077864 -63.7927856450541,46.6007499694448 -63.7921218866204,46.59705734274 -63.7979393008025,46.5879173275376 -63.7965774540093,46.5846519471756 -63.7918548587353,46.5853576658756 -63.7838058477228,46.5898246766159 -63.7817649839291,46.5898094175022 -63.7774925232086,46.5897827151729 -63.7746353146575,46.5919456483238 -63.7857666018205,46.5974693296066 -63.7849388117254,46.5992660520387 -63.7818946840595,46.5998229985498 -63.7706985475414,46.5949821468189 -63.7440338137992,46.5775604250729 -63.7176208492371,46.5683860774401 -63.7163543701104,46.5713157650644 -63.7262115479038,46.5797576899905 -63.774089812771,46.6015396119685 -63.7984580999871,46.6151962281542 -63.817578717482,46.62304961838 -63.8202667230789,46.6241531374886</coordinates></LinearRing></innerBoundaryIs></Polygon>
  </Placemark>
  <Placemark id="Gulf_LFAS_polygons.6">
	<Style><LineStyle><color>ff0000ff</color></LineStyle><PolyStyle><fill>0</fill></PolyStyle></Style>
	<ExtendedData><SchemaData schemaUrl="#Gulf_LFAS_polygons">
		<SimpleData name="type">fishing zone polygon</SimpleData>
		<SimpleData name="species.code">2550</SimpleData>
		<SimpleData name="region">gulf</SimpleData>
		<SimpleData name="label">25</SimpleData>
	</SchemaData></ExtendedData>
      <Polygon><outerBoundaryIs><LinearRing><coordinates>-64.0361111111111,47.1402777777778 -63.9968888888889,47.0576944444444 -63.9980998210807,47.0559125050436 -64.0020904543372,47.0604438784552 -64.028610229445,47.0292549137762 -64.0453720091358,47.0175781246887 -64.0646667477812,46.9998207093312 -64.0780334471412,46.9923477168723 -64.1006088262772,46.9831428525408 -64.1050949100541,46.9813117982199 -64.1304168703529,46.9669914251106 -64.1587905885036,46.9559936524218 -64.1859283454523,46.9396743773269 -64.1924667354169,46.9335174557632 -64.1946334837455,46.9276580805457 -64.2295379634447,46.8981323240636 -64.2299575806404,46.8972473147947 -64.2315673825901,46.8938598635459 -64.2309875490681,46.8888015745853 -64.2352600098702,46.8816452027651 -64.232536316456,46.8742103577918 -64.2336959842565,46.8683090210313 -64.2307586667916,46.8594894404657 -64.2346115108033,46.8573532106 -64.2395095828905,46.8667030335403 -64.2370376585851,46.8723297117834 -64.2403564456139,46.8765792849043 -64.2426071168346,46.8713607784368 -64.2482223514345,46.8583450317905 -64.2584533691031,46.8477554317295 -64.2648391731259,46.8351821898412 -64.2836532590854,46.8134841918819 -64.3436889650216,46.768714904404 -64.3671035769565,46.7512321468206 -64.3790893550669,46.747341156307 -64.382606506754,46.7408370973339 -64.3935699466146,46.7288932804443 -64.4014053336574,46.726673126345 -64.4097213744411,46.7185173035778 -64.4181518553442,46.6963996888322 -64.4160995487578,46.6887702945118 -64.4181594851809,46.6796875003046 -64.4173736575809,46.6635284425696 -64.4169006347828,46.6537704465156 -64.4025955201797,46.6371994016766 -64.3925247192178,46.6134605412062 -64.3846282958199,46.6165962222956 -64.3696594238691,46.6167106632731 -64.3624343867076,46.6237602232856 -64.3594207761226,46.6241035461378 -64.3572616572136,46.617839813284 -64.3480758670354,46.6163406373529 -64.3090896607174,46.6180458066382 -64.3046646125498,46.6217002867312 -64.3087005611419,46.6224708552684 -64.3288421627448,46.6200714114882 -64.3313674922933,46.6214179995324 -64.3255462641315,46.6234817507273 -64.3199386597101,46.631053924131 -64.3203048702802,46.634727478405 -64.3243026728948,46.6387748720543 -64.3217926030676,46.6409683224739 -64.3143920898339,46.6338157650017 -64.3171157830601,46.6234207152717 -64.3118057247794,46.6272468566415 -64.2615203860774,46.6237945555532 -64.2698211669084,46.6217689513642 -64.2837982180591,46.621631622588 -64.2921600343155,46.6196937565044 -64.2874526975121,46.6176528932024 -64.2705078123481,46.6174468998054 -64.2374954221521,46.6225624085745 -64.2421264645286,46.6251945490892 -64.2347259521932,46.6279487606085 -64.2025222776422,46.6232414249742 -64.1949539186579,46.634155273893 -64.1921386722029,46.6280899049814 -64.1948242190517,46.6238479619548 -64.2036437982348,46.6177864077028 -64.209075927478,46.6163978577273 -64.2130126946839,46.6131172182911 -64.2115478519219,46.6107711789277 -64.1953124998936,46.6092681884232 -64.1811904907982,46.6079597472458 -64.1629180912411,46.5960083009273 -64.1535186765641,46.5931129450083 -64.1440277099064,46.5874633783836 -64.121147155734,46.58287811289 -64.125999451132,46.5883407590152 -64.1212921138912,46.5929603579128 -64.1217575069326,46.595268249464 -64.130920410113,46.5970115658632 -64.1313629153244,46.5995483403379 -64.1160278323175,46.6000747678595 -64.1038665769448,46.6101150512502 -64.1066970826409,46.6120605469027 -64.1219787594712,46.6122283935061 -64.12638092062,46.6173362729136 -64.1074371337962,46.6150703425731 -64.1004180903709,46.619365692259 -64.0963821413447,46.6198883057415 -64.0910415643814,46.6279144287027 -64.0813446044359,46.6323280334791 -64.0800628661365,46.6357116703096 -64.0845336907426,46.6438064574734 -64.0831222534799,46.6490364076687 -64.0794754029011,46.6429824829533 -64.073738098599,46.6395721436232 -64.0740890503734,46.6354713442849 -64.0715026860544,46.6307830809979 -64.0765762331968,46.6259498596696 -64.0844879147915,46.6228370661546 -64.0882186883528,46.6142883302412 -64.0832061768808,46.6067581180162 -64.0888595580323,46.6028633117808 -64.0848083498548,46.5997238158038 -64.0808334354486,46.5917739869263 -64.0905609134746,46.5830116268357 -64.0822830200514,46.5787811275286 -64.0755004879103,46.580333709806 -64.0688323981934,46.5795440671591 -64.063072204407,46.5756835932488 -64.0650634762447,46.5702896118304 -64.064544677329,46.5686645506655 -64.0581130977843,46.5700035097851 -64.0573349005473,46.5674552915838 -64.064041137621,46.5629158020983 -64.073852538714,46.5646934511763 -64.0814895628799,46.5569915773347 -64.08139801035,46.5542373655424 -64.072944641408,46.5520591740303 -64.0662918088813,46.5483551021539 -64.0670852663789,46.5467834472343 -64.0733947751516,46.5468101497714 -64.0757369991826,46.5427818301185 -64.0835418707575,46.548595428504 -64.0881347654855,46.5492439270425 -64.1004180903665,46.5415000915053 -64.1185607909891,46.5156707759513 -64.1122512819888,46.4961814880402 -64.1113204961143,46.4898414610236 -64.1082153319941,46.4685707090373 -64.1093750003936,46.464000701947 -64.1127166750283,46.4634590154008 -64.1154403681856,46.4559516909056 -64.1165237429746,46.4512214665742 -64.116897582507,46.4453124997333 -64.1185684201549,46.4429244998464 -64.1227951052273,46.442661285666 -64.1274871831273,46.4434623715751 -64.1304321292472,46.4421730042745 -64.1355209349485,46.4329872130078 -64.1455993656304,46.4235534665178 -64.1376190184433,46.408111571887 -64.1406478880077,46.4030647273174 -64.1385650635887,46.4008178710942 -64.1246261594659,46.4011726379374 -64.1052627566926,46.3990097042784 -64.0906753543336,46.3952064512383 -64.0721130372362,46.3953628538896 -64.0576705932191,46.3938560488198 -64.0383300785527,46.3875617982142 -64.0025558479347,46.3837814330062 -63.9916267395364,46.3837890623432 -63.9676704406456,46.3924674986459 -63.9648475642578,46.3945808412317 -63.9511718757784,46.3956108092461 -63.949241637904,46.3987388614385 -63.9584655763248,46.3993568416656 -63.9608840946986,46.4019737245603 -63.954742431808,46.4115676884758 -63.9474296575883,46.4080543517905 -63.9446449278176,46.4170989991198 -63.9361228945191,46.4160537724646 -63.9252128603542,46.4194869994435 -63.9263381964183,46.4142684935679 -63.9216651919592,46.4108619691587 -63.9217185976245,46.4090499875342 -63.921817778939,46.4053688050095 -63.9115257262388,46.4056205749458 -63.9057235717823,46.4037742612321 -63.8965415951096,46.3914718629485 -63.8896522515793,46.3907203675673 -63.88837814315,46.3938713074429 -63.8921623229281,46.3997612003005 -63.8912811284293,46.4022445677161 -63.8845520027351,46.3996658324194 -63.8732681282725,46.3998680112923 -63.8492240901129,46.3908271789684 -63.8416976931998,46.3898162846168 -63.8191757202695,46.3934288027052 -63.8106155396559,46.392833709661 -63.7997207643603,46.3886909484616 -63.7918920113479,46.3882449617062 -63.7720097213339,46.3768875070306 -63.7757225040491,46.3720703126388 -63.7729988100414,46.3692016606144 -63.7606506349189,46.3666038512135 -63.7558517452418,46.3611221315325 -63.7414824224807,46.3594492535473 -63.7383460020105,46.3576576212299 -63.7327919007107,46.3525543209745 -63.7343063352535,46.348266601226 -63.7496566773059,46.349166870283 -63.7543182375191,46.3452453611557 -63.7667465206518,46.3469352718561 -63.7730903622416,46.3536262512369 -63.7878074644493,46.3556404111082 -63.8008766170061,46.3612480162269 -63.8126297000648,46.3704681399957 -63.816566467444,46.3708610539689 -63.8194541931703,46.3682365421693 -63.8161735538932,46.3642044069592 -63.8013725275115,46.352108001932 -63.795352935654,46.349094390613 -63.7938270572424,46.3439903257486 -63.7896957397454,46.3423805239968 -63.7845535279204,46.3403778076322 -63.8013916016864,46.3372116092959 -63.8182907098859,46.3406944273077 -63.820865631527,46.3378334047139 -63.8196868894149,46.3215065005648 -63.8181190487328,46.3168601986957 -63.8146972657506,46.3144226075814 -63.8044815060626,46.3176460266041 -63.7919349666934,46.3173332211765 -63.7871170047977,46.3157463077392 -63.7820281982675,46.3097953796486 -63.7574005125996,46.3041381832358 -63.7499961850088,46.2946472170161 -63.7439193729926,46.2959861754693 -63.7388572696746,46.2934799196557 -63.7352294919357,46.289268494015 -63.7251014710797,46.2775192258827 -63.7225494384202,46.2764892580393 -63.7170295713639,46.2789955134527 -63.7043991090437,46.2724838257173 -63.7032737727114,46.2703666687743 -63.708629608674,46.2660217286388 -63.7092094418284,46.2632980347609 -63.7037048337051,46.2584724422317 -63.7156944272994,46.2502937320443 -63.7101860048954,46.2454681396405 -63.707855224602,46.2492599486792 -63.702014922894,46.2480812076378 -63.6862907402765,46.2393684386871 -63.683074951724,46.2419776917026 -63.6823883051731,46.2458419798391 -63.6621894830469,46.2355461121092 -63.6553649904755,46.2343254093348 -63.653270721519,46.2319450374776 -63.6580162049559,46.2271080021169 -63.6580123902464,46.2200050358689 -63.6558151239722,46.2187614440124 -63.6467323303859,46.2240867610891 -63.6352577205733,46.2231178281474 -63.6284370418769,46.2147865291882 -63.620136260765,46.2187652583919 -63.6135139468536,46.2189331055797 -63.5955543516909,46.2096443172146 -63.5905990602803,46.209644318032 -63.5843849179351,46.2160072324512 -63.5738143923767,46.2159881591247 -63.5693168643573,46.2146377564467 -63.5651855466472,46.2094039912411 -63.5577697753514,46.2074661257697 -63.5511512753765,46.2076225278898 -63.54871749956,46.2088890073885 -63.5480651849292,46.2122955322908 -63.5536003111678,46.2166748047639 -63.5549736020687,46.2265892029373 -63.5487556460326,46.2329559329269 -63.5483093257977,46.2271995540494 -63.5459365850614,46.2243461606591 -63.5459671016028,46.217014312409 -63.5437316900834,46.2162246701604 -63.5366477969933,46.2177352907854 -63.5352211004636,46.2153778076143 -63.5396232604653,46.2107658388236 -63.5369415288108,46.2076644895404 -63.5293731695354,46.203880310067 -63.5232162474299,46.2061195377115 -63.5143585205725,46.2054824834159 -63.5016212461995,46.2074203489441 -63.5022163395318,46.2115745546611 -63.4957084659486,46.2174606327506 -63.4953399859137,46.2188441439208 -63.4905555555556,46.2161111111111 -63.4882389662086,46.2121198788628 -63.489585877266,46.2123680113563 -63.4901771545906,46.2096443172692 -63.4855722585529,46.207525430733 -63.4675,46.1763888888889 -63.7114095912772,45.8628304837203 -63.7130458915981,45.8634430740241 -63.7205408338011,45.8670869073553 -63.7277114147201,45.8705719629184 -63.7309589357708,45.8734383365438 -63.7399147330994,45.8750127560596 -63.752362085891,45.8770037150823 -63.7616178659362,45.8773568435355 -63.7749521678171,45.8823365701344 -63.7796275614784,45.8845254218029 -63.7862455501004,45.8883257911891 -63.7963234722308,45.8934158446881 -63.8002429899581,45.8957644868391 -63.8042301030207,45.8963642202182 -63.8071325983164,45.8925685121715 -63.810855660962,45.8935130053049 -63.8119407731478,45.89790825395 -63.8166834158893,45.9049966789518 -63.8222503277557,45.9168256974244 -63.8213922235734,45.9196100747323 -63.8280521288697,45.9225335097206 -63.8343172772011,45.9226488777015 -63.8431225196768,45.9285859964431 -63.8500489316369,45.9311626902873 -63.8614623037336,45.9345202141478 -63.8653542841225,45.934415482139 -63.8708788871175,45.9342524032514 -63.8726460528334,45.9373471162603 -63.8696790420769,45.9395691897843 -63.8670748751975,45.942147778381 -63.8697674984812,45.9473597471616 -63.8702382969406,45.9525560050875 -63.8669547579496,45.9589493096862 -63.8639535823211,45.9620460401703 -63.8647958241129,45.9630239974801 -63.8677993997268,45.9632531662975 -63.8759869706553,45.9658508612644 -63.8785984452308,45.9699237567515 -63.8842075484107,45.9675731625477 -63.8921651054986,45.9696401615549 -63.90369677683,45.9770210878465 -63.9070389983168,45.9818064048692 -63.9182061689824,45.985503059687 -63.9220333821138,45.9838191299219 -63.9245742574195,45.9829879966908 -63.9365023587646,45.9865205636419 -63.9424516384028,45.9887236625131 -63.9471156928803,45.9917797181127 -63.9521051533056,45.9927403294353 -63.957682613265,45.9912597690632 -63.9587356020592,45.9898771647282 -63.9671661560792,45.9929961164475 -63.9745149925483,45.9983719925 -63.9868645266146,45.9971783295568 -63.9974322799313,45.9966537628574 -63.9995061585128,45.9947623904333 -64.004000971359,45.9955369005874 -64.006218770831,45.996798905836 -64.0048447793224,46.0002775829536 -64.011150941842,45.9995059956219 -64.0188867312465,46.001033188576 -64.0257761156249,46.0053470783414 -64.0339509114194,46.0012779656577 -64.0385921286657,45.9976765262404 -64.038197458057,45.9944315206735 -64.0426029591498,45.9933575008227 -64.0547252978446,45.9943318002033 -64.0593521955551,45.9997298477351 -64.0683441167859,46.0023117062527 -64.0761947638405,46.0028648376323 -64.0755157473018,46.0069618221548 -64.0841979980513,46.0054855351268 -64.0882263182838,46.0083999629219 -64.0891113283469,46.0173721316752 -64.095535278028,46.0153465273025 -64.0997238163306,46.0203323366495 -64.1020965577119,46.0207099916076 -64.1036911007797,46.0193405145799 -64.1032714846467,46.0141830449189 -64.1058273315112,46.0153198238429 -64.1072692874741,46.024536132888 -64.1058197015684,46.026077270511 -64.0992813114365,46.0255813597748 -64.0925445562447,46.03515625004 -64.0819091797273,46.0402145384553 -64.079208373565,46.0449180599557 -64.0810165404699,46.0507202144819 -64.0947113038899,46.0502052308732 -64.0986099247491,46.0528488162326 -64.0952224726885,46.0543479919864 -64.0820388792064,46.0541992184371 -64.078659057621,46.0591011050615 -64.0731048577727,46.0547485351415 -64.0688552855127,46.054344177352 -64.061958313497,46.0594749447617 -64.061820983713,46.0642013553732 -64.0590820311141,46.0651092525787 -64.058364867905,46.0599365236411 -64.061019896696,46.053562164376 -64.0514450068193,46.053852081122 -64.0468749995749,46.0495338436726 -64.0419311523028,46.0495643614117 -64.0347900388293,46.0522499083838 -64.0243759153589,46.0584564206976 -64.0132598876303,46.0575332645068 -64.0031127929448,46.052986145151 -63.9949874882504,46.0517272951676 -63.9521827697414,46.0554275511189 -63.9402847294155,46.0521736147879 -63.926582336185,46.050674438238 -63.9268569946252,46.0550384517294 -63.9139480590953,46.0595321658916 -63.9066619874367,46.0562438960673 -63.8996505736949,46.0573196413548 -63.8938179023076,46.0637130736257 -63.8908462524314,46.0655937198423 -63.8819541932706,46.071228027888 -63.8731155393914,46.0742836000465 -63.8280372620851,46.0847129820537 -63.8114776614162,46.0819358825231 -63.7926445011539,46.0971527098555 -63.7803726191785,46.101661682343 -63.7779464726866,46.1102638246811 -63.7781066892841,46.1157722476394 -63.787609100116,46.1237449649272 -63.7950935360003,46.1337051389515 -63.8126411439911,46.135150909551 -63.8173027041836,46.1383361817213 -63.8327026360932,46.1394577025508 -63.8373489383548,46.1465301514539 -63.847743987876,46.1483535764793 -63.8527984620907,46.1508636473005 -63.8636856075283,46.1508712769044 -63.8737220763682,46.1455726628314 -63.8891181941795,46.1542549135267 -63.8913307185638,46.1515998840246 -63.8886909490691,46.1441535946992 -63.8927154534141,46.1434097291594 -63.8955383299349,46.1487998959265 -63.8980674749446,46.1500549315489 -63.9060935976801,46.1487922674202 -63.9264373783154,46.161342620524 -63.9296875002694,46.1621284489882 -63.936775207672,46.1638374329907 -63.9552459719658,46.1714973448544 -63.9660568234454,46.1724090578994 -63.9693756103468,46.1759834286331 -63.9814147951531,46.1817626950432 -64.0008850097702,46.1779937748756 -64.0233383178126,46.1816787715865 -64.0505218504878,46.180282592242 -64.0685958867569,46.1734657285402 -64.0728530885234,46.1699867245371 -64.0665588384061,46.1690635679082 -64.0606231684947,46.1710281369501 -64.0556488037698,46.1694755555209 -64.0539779664983,46.1667366031153 -64.0609512336005,46.1674880981815 -64.0707244875881,46.1639366148024 -64.0686950681557,46.1606445310871 -64.0627059942402,46.1574211120711 -64.0578536989186,46.1524047852755 -64.0604858401835,46.1486244199189 -64.0655899050969,46.154560089264 -64.070457458287,46.1554489137902 -64.0783309937695,46.15210723908 -64.0760726932547,46.1476631164819 -64.0771179196037,46.1445922855207 -64.0714416509898,46.1411170958415 -64.0730819694843,46.1401176454284 -64.0767288211425,46.1404113768027 -64.081657409211,46.1435775758836 -64.0883483888752,46.1444053647091 -64.0837478637751,46.1482353209874 -64.0853881839941,46.1505661008371 -64.0809402467675,46.1602325438031 -64.0956726079533,46.1654205321714 -64.0955581662521,46.1706848143276 -64.1123275757136,46.1752662661706 -64.1154251102295,46.1815757755124 -64.1241912839861,46.1833076479487 -64.1253662105919,46.1771774287177 -64.1343002316893,46.1729545587657 -64.1335678095373,46.1699485781396 -64.1357345580084,46.1677436828108 -64.1426773070296,46.1675682063082 -64.1441268921141,46.1660194396914 -64.1420745846894,46.1629600527364 -64.1372909542151,46.160934448562 -64.1362304684383,46.1579132080744 -64.1388931278598,46.1536674501128 -64.1378479001511,46.1465187069187 -64.1423645021882,46.1437263489609 -64.1457900995739,46.153812408519 -64.1468658449837,46.1569671632301 -64.1506195066929,46.159412383798 -64.1537551873838,46.1691627503383 -64.1571655267862,46.1718177794774 -64.1628112788089,46.1674690248008 -64.1621093753475,46.1640052798296 -64.1665344236821,46.158451080542 -64.1773223879719,46.15568161019 -64.1802368161548,46.1562576293966 -64.1745834348283,46.1608390808022 -64.180175781665,46.1649589539859 -64.1717910770747,46.1705780032468 -64.1677474972192,46.1754531857261 -64.1698074343115,46.1785163877903 -64.1750106806875,46.1794128417884 -64.1761550910953,46.1813507078877 -64.1715316775764,46.1829299923358 -64.154022216391,46.1817703247795 -64.1535568239269,46.1833534242347 -64.1698684695061,46.1975326534792 -64.1809997557395,46.2029380796375 -64.1847763066209,46.2047729493201 -64.2254486086982,46.2160224911777 -64.2326965331786,46.2202072147387 -64.2342910765582,46.2248497013748 -64.2395477291378,46.2291831970421 -64.2592544561515,46.2345428468444 -64.2743072514236,46.236286163499 -64.3001251216721,46.2315750122517 -64.2977523803966,46.228275298793 -64.2818603515663,46.2246704102874 -64.2820281976861,46.2226142881419 -64.2962188722248,46.2227172854498 -64.3007431031524,46.2199134830517 -64.3077850343741,46.2307243346764 -64.3163681033546,46.2308349610455 -64.3514327998065,46.2260131838785 -64.3569564821834,46.2230224612392 -64.3655700690201,46.2226676941621 -64.368064880858,46.2206077573659 -64.3728059574728,46.2197198453324 -64.3767623900086,46.2189788821253 -64.3819961555555,46.2237586973226 -64.3881912226962,46.2246894836971 -64.3946075436781,46.2227630617801 -64.4013442993047,46.2254257204973 -64.4013977050751,46.2288589476694 -64.4208831789862,46.2371635434297 -64.4317703246574,46.2373428339629 -64.4431457524528,46.2354888918546 -64.4444808956199,46.2339935303098 -64.4425125128284,46.2324600220019 -64.4358367922771,46.2309188844814 -64.4390640256072,46.229957580406 -64.4520263675322,46.2317008974444 -64.4642181400077,46.2362899785014 -64.4745101931057,46.2350196839616 -64.4743576053195,46.2337417601425 -64.4697647096235,46.2322845463039 -64.4767684930288,46.2278327941022 -64.4875106814906,46.2383117678419 -64.5066452032184,46.2385711670002 -64.5149917602182,46.2416343684574 -64.528381348052,46.2393798831215 -64.5295944218015,46.2364540099367 -64.5200576779838,46.2273941039382 -64.5408172614156,46.2279396055398 -64.5479125982138,46.2259101869215 -64.5545501702412,46.2211189272476 -64.5556716914351,46.2182044984348 -64.5578536983923,46.2125396730378 -64.5614929203153,46.2124443057523 -64.5636367791752,46.2145843504878 -64.5606689448029,46.2188262940684 -64.5652771002117,46.2233505249783 -64.5638961790657,46.2326889033119 -64.569335937445,46.2436561581656 -64.5680465700121,46.2474975587685 -64.5717010503506,46.2515258786379 -64.5658493039479,46.2675704953347 -64.5666580198598,46.2698898310449 -64.5746383668666,46.2703361510766 -64.579452514955,46.274074554217 -64.5789718626217,46.2774391170139 -64.5758666996782,46.2791633604334 -64.5774383548038,46.2844848637718 -64.5694580084823,46.2851104734881 -64.5615768432242,46.2930603030968 -64.5522918698453,46.2933998101929 -64.5406494140736,46.2986946102556 -64.5369644160994,46.2992477413741 -64.5361709597904,46.2966995244537 -64.5394897465211,46.2922401425232 -64.5376892089945,46.2898826599764 -64.5343627929186,46.2902183530134 -64.5239715581595,46.3090705869846 -64.5171279911858,46.3120193483881 -64.5152893063193,46.3144683840357 -64.5161819465411,46.3199996946971 -64.5213012697096,46.3222503658414 -64.5231246943785,46.3285026553049 -64.5297317506387,46.332874297672 -64.5304107662664,46.3343162534187 -64.5339965820528,46.341960906571 -64.5388641351779,46.3474082947279 -64.539031982329,46.3538246158248 -64.5510330205895,46.3570175172258 -64.5616378786351,46.3654251095353 -64.5669708251249,46.3649330141048 -64.5806961062905,46.3542137146928 -64.5772476197103,46.3474502563516 -64.5790405275298,46.3413352970197 -64.5682830807901,46.3262825015751 -64.5700378421253,46.3249740597902 -64.580245971206,46.3299293519785 -64.5918197628775,46.3298950195642 -64.6051864620608,46.3324470516476 -64.6122055057513,46.3315582278196 -64.6166992188,46.3333244319049 -64.6226523575149,46.3352304310286 -64.6285781863215,46.3371276854425 -64.6188049320374,46.3404998776934 -64.614967346282,46.347457886231 -64.6168899534891,46.3525657648482 -64.6214294438084,46.3538780214449 -64.6229171759143,46.355987548761 -64.619430541386,46.358383178845 -64.6227645879134,46.366748809818 -64.6177825929161,46.3757247924965 -64.6179046625699,46.382827758975 -64.6229171754439,46.3870353698275 -64.6209259033218,46.390949249679 -64.6215209961757,46.4049415592873 -64.6264801032801,46.4094734191228 -64.6253128049199,46.4160690309443 -64.6194915767446,46.4142532350914 -64.618621826017,46.4169692987674 -64.6246032720596,46.4210815431222 -64.6410675051462,46.4443435668817 -64.6694030761233,46.4641418456632 -64.67603302046,46.4641456606503 -64.6808471677297,46.4574546816159 -64.6889801026381,46.4512672421849 -64.6960144047374,46.4531898501671 -64.6951141355044,46.4572792048134 -64.7101287843102,46.464908599466 -64.7121658329915,46.4686470035052 -64.7138442998207,46.4728279112782 -64.7104187008882,46.4743080136354 -64.7045669558117,46.4727249147812 -64.7007446286095,46.4751052853504 -64.7034988400659,46.4781837461609 -64.7114334110477,46.4784660340321 -64.7192382819493,46.4805717466659 -64.7249145511329,46.4800872804338 -64.7260665893125,46.4824218748999 -64.7244796747717,46.4847412111298 -64.7270660401682,46.4886131284193 -64.7259292607168,46.4907875060564 -64.7230987554271,46.4900169369519 -64.7195968628363,46.4847068787502 -64.7101898187567,46.4818534850655 -64.6963653563561,46.4804420473091 -64.6818695067076,46.4835853571473 -64.676704406298,46.4861526489448 -64.6881637575834,46.5147209164141 -64.6941604616173,46.5188293456639 -64.6989746100213,46.5254096983748 -64.6982498161872,46.5274391175099 -64.6930313112277,46.5243568419978 -64.6810379028387,46.5176887512541 -64.6711730954695,46.5084419254336 -64.6629867552561,46.5063552854297 -64.6549682617419,46.502277374604 -64.6408996582246,46.4855461120065 -64.6334533694007,46.4823722841405 -64.6297378544168,46.4766845703496 -64.62543487579,46.4743003841666 -64.6239547735134,46.464927673309 -64.6211318968743,46.4601631164654 -64.6280670168197,46.4577674862298 -64.627906799671,46.4557647707371 -64.6132202152026,46.4587440491136 -64.6153564459013,46.4679222107461 -64.6230468752957,46.4799766543363 -64.6380004879073,46.4896469117707 -64.6539840694767,46.5064506529271 -64.6686096190813,46.5123367307784 -64.6920623785516,46.5268173216395 -64.7113647458793,46.5462265016991 -64.7232971195546,46.5688552858195 -64.7247009280377,46.5766868594206 -64.7225036622225,46.5839347835602 -64.7263412475977,46.5948295595815 -64.7233581549671,46.6036529541044 -64.711128234984,46.6206207279171 -64.7144927978175,46.6289749147721 -64.71181488027,46.6336898804563 -64.7144012447165,46.6658248900113 -64.7224426266337,46.6873970032178 -64.7262420660072,46.6900482175749 -64.7624511716183,46.706359863273 -64.7749328613573,46.7084693908823 -64.7761993402786,46.7054634092726 -64.7515716552649,46.6970176698113 -64.750106810802,46.6939086915125 -64.7375946049502,46.6922607420259 -64.7382125860675,46.6887588500173 -64.7472381584769,46.6896438600372 -64.7502975461971,46.6842575074673 -64.7605972295914,46.6800422668779 -64.7674506166435,46.681674393941 -64.7707366947242,46.6824569699646 -64.7738723758196,46.6850852965935 -64.7767257684369,46.6870155335115 -64.7821044928248,46.6862869261923 -64.7891387941237,46.6810379031043 -64.793731689567,46.6826095586011 -64.8031234740393,46.6761283871268 -64.8070144655696,46.6701660160203 -64.8043670653553,46.6646575932262 -64.805236815962,46.6623420716708 -64.8090362551697,46.6617813107635 -64.8131790158936,46.6699218749565 -64.7988433838478,46.6856918334209 -64.7909393304026,46.6869773866496 -64.7934875483386,46.6895980834547 -64.8012542721927,46.6883239744869 -64.8072662353097,46.6880760192033 -64.8150024412772,46.6915473935069 -64.8341217037789,46.6894569395123 -64.8374569190224,46.6966431244352 -64.8393020628488,46.7006187442076 -64.8386764573958,46.7047233648325 -64.8301391524479,46.7076339655577 -64.8255920574091,46.7152595528364 -64.8193435666605,46.7187004092681 -64.8202896113666,46.7224884032497 -64.8250808719131,46.7258224488388 -64.8307342529201,46.7268791194817 -64.8458709718998,46.7340354922663 -64.8646621702189,46.7367439264515 -64.8924026486319,46.7447738646035 -64.9011688227603,46.7432403564102 -64.9033355715326,46.7456016540877 -64.9003143310944,46.7542190547793 -64.8944168088627,46.7491912842632 -64.8893280025903,46.7503929134898 -64.879920959746,46.7608299260229 -64.8882217405698,46.7704925539878 -64.8909912109319,46.7783699033465 -64.8958053585545,46.7762413024303 -64.9011154177596,46.7766532902171 -64.9072647097173,46.7791442876614 -64.9129409787004,46.7836875915423 -64.9136962889923,46.787143707434 -64.9085540766578,46.7938385012621 -64.9114685050823,46.79965591452 -64.9094085692657,46.8098869318892 -64.9268875121358,46.8079566950704 -64.915023803577,46.8153381343502 -64.9131546027499,46.822826385299 -64.9138946534029,46.8256874082529 -64.9148101808744,46.8276863098273 -64.9176559453002,46.829841613665 -64.9269409172224,46.8306121828346 -64.9419250492339,46.8263092040326 -64.9524307248255,46.8193359373687 -64.9618072504964,46.8187789915922 -64.9644317620845,46.8218078615695 -64.9541015631053,46.8239669800811 -64.9381332403411,46.8328170774744 -64.9379653933909,46.8350944515436 -64.9502029413575,46.8366508483363 -64.9511337277824,46.8424034119885 -64.9551544194077,46.8420791624177 -64.9579849237422,46.8350791931811 -64.9644165034507,46.8384971621263 -64.9714355466294,46.8336944577876 -64.9788360603719,46.8327980039423 -64.9838867189277,46.8368568422712 -64.9910354611959,46.8348045347207 -65.0000000000509,46.834869384973 -65.0015945432748,46.8365287777467 -65.0000000001375,46.8380661016176 -64.9800033569092,46.8399314877844 -64.9738006585422,46.8427047731647 -64.9702377320284,46.8412094115503 -64.9661941532612,46.8417625429894 -64.9688339234941,46.8468818662912 -64.9673233033636,46.8493499755477 -64.9565353389839,46.8462448118152 -64.943695068419,46.8531379696954 -64.9403915411237,46.8573760983742 -64.9437637328544,46.8616065976776 -64.950912475341,46.8643646235777 -64.9464187629219,46.8665008543278 -64.9352951048535,46.8633842468807 -64.9270858767317,46.8660850523215 -64.9203414919868,46.8699111940513 -64.9208984371044,46.8755722045193 -64.9240188594343,46.8777160643146 -64.9118423463504,46.8820152284152 -64.9101638791008,46.8824081418438 -64.9083633418514,46.880088806169 -64.9182891838585,46.8630447388502 -64.918113708984,46.8467903139397 -64.9205703736206,46.8404655461595 -64.9133224488966,46.8345031734735 -64.9119491573178,46.8303375244314 -64.910293579488,46.8246116635273 -64.9039001466197,46.8120651246152 -64.8827819820279,46.7855148312594 -64.8823394780348,46.7785034178356 -64.8753204348894,46.7712402346672 -64.8720321650346,46.7715835570377 -64.8756713872758,46.7785186768435 -64.8776931762195,46.7875862119988 -64.8935699466056,46.8075675968226 -64.8991393983546,46.8120574900393 -64.9090499875389,46.8382492067775 -64.9151458626241,46.8416519087734 -64.9122085575854,46.8500213620796 -64.912773132934,46.8607978821538 -64.9109039306975,46.8682861327721 -64.9046630858936,46.8808898926292 -64.9011535527821,46.8878669725061 -64.9027252194717,46.8892898563127 -64.9150390676916,46.8899345498434 -64.9159393310381,46.8913383488512 -64.9083633428726,46.8945159911234 -64.8980026250568,46.894622802943 -64.8954467777828,46.9024085997468 -64.8898010359603,46.9204330381944 -64.8853225709695,46.9269142152467 -64.8673248294127,46.9354591368287 -64.8472061157791,46.9501037593432 -64.8377838130584,46.9600791932748 -64.8172683712761,46.9708099362428 -64.8131103518139,46.9773063656966 -64.8132247920454,46.9940109251224 -64.8199768071788,47.0046730039087 -64.8256839905626,47.0136690739499 -64.0361111111111,47.1402777777778</coordinates></LinearRing></outerBoundaryIs></Polygon>
  </Placemark>
  <Placemark id="Gulf_LFAS_polygons.7">
	<Style><LineStyle><color>ff0000ff</color></LineStyle><PolyStyle><fill>0</fill></PolyStyle></Style>
	<ExtendedData><SchemaData schemaUrl="#Gulf_LFAS_polygons">
		<SimpleData name="type">fishing zone polygon</SimpleData>
		<SimpleData name="species.code">2550</SimpleData>
		<SimpleData name="region">gulf</SimpleData>
		<SimpleData name="label">26A</SimpleData>
	</SchemaData></ExtendedData>
      <MultiGeometry><Polygon><outerBoundaryIs><LinearRing><coordinates>-63.4675,46.1763888888889 -63.4855722585529,46.207525430733 -63.4746742252101,46.2025108341098 -63.4696731566495,46.1960906980286 -63.4640388485624,46.1928520200421 -63.4607315070183,46.1860504150244 -63.4520950323525,46.1900100707295 -63.4462432862107,46.1890449521857 -63.4356307980843,46.1929092410287 -63.4328918455466,46.2008018497311 -63.4261169437365,46.195674896275 -63.4251327510353,46.1921882627842 -63.4307937622305,46.1848907474879 -63.4245300298478,46.1779518126466 -63.4207839970557,46.1757087709433 -63.4122810361391,46.174858093651 -63.4075088497265,46.1695899960442 -63.4030380247617,46.1714439392503 -63.3957862857209,46.1713294986414 -63.3875045777328,46.1700897218789 -63.3713798522227,46.1676635743958 -63.3559722900527,46.1598320011915 -63.3430290217771,46.1571578981776 -63.3300743105516,46.151268005688 -63.3125953674503,46.1511268612061 -63.3103294378446,46.1473503113102 -63.3008689877097,46.1462135312908 -63.2799568171853,46.1374168395593 -63.2565040585977,46.1310195921355 -63.2460975653306,46.1328163148081 -63.2336196896268,46.1322059634884 -63.2291908268338,46.1335945130988 -63.2355422968059,46.1394081116515 -63.2311744690109,46.146762848224 -63.2258834837305,46.150177002313 -63.229858397688,46.1533470155519 -63.2262763973298,46.1561546329229 -63.2097816464242,46.1560440062405 -63.1940269470122,46.1616973880876 -63.1735725396005,46.1648292543891 -63.1477775572932,46.1782417296528 -63.1362457278966,46.190975188971 -63.1349830627175,46.1936607360221 -63.1250762939434,46.1968421931427 -63.1115264897848,46.1936569212108 -63.0956344598715,46.197227478031 -63.0902366640322,46.2015457157341 -63.0876541141326,46.2009582516561 -63.0859832765365,46.194686890091 -63.0684700013711,46.1947364806396 -63.0633049010814,46.1935615544049 -63.0593872069047,46.1867179870127 -63.0569419863041,46.1879730222729 -63.0547332768146,46.1933631894794 -63.0483970641588,46.1939659116406 -63.0449218746837,46.1892127987676 -63.042201996031,46.1899871827876 -63.0389404293493,46.1951751705379 -63.0352287287331,46.1903305056167 -63.0307197574189,46.1923980713354 -63.0249290465592,46.1912422180328 -63.0244026186377,46.188705444127 -63.0306282046325,46.1886138913239 -63.0313758853871,46.1854515079503 -63.0164527895741,46.186199188191 -63.0164222716531,46.1846694945277 -63.0292015076429,46.1815452576284 -63.0331001275543,46.1789894103693 -63.0301437375814,46.1756286622369 -63.0135765074434,46.172966003669 -62.9918441775389,46.1723327639136 -62.9862289426555,46.1754913331801 -62.9902877813022,46.1777572629376 -62.9934043880207,46.1827278134216 -63.0026473993976,46.1859474180477 -62.9957656861948,46.188579559436 -62.9916534422645,46.1931915287314 -62.9762916565658,46.1979179379789 -62.9749794009961,46.194641113704 -62.9788856509153,46.1888771054904 -62.9724349967934,46.1874046326597 -62.9674491882976,46.1908226012186 -62.9578247070548,46.1912498472768 -62.9519157412138,46.1877441403449 -62.9453201302132,46.1876373289883 -62.9452095028384,46.1856651303236 -62.9450912470224,46.1834983824801 -62.9337043767038,46.1755828860051 -62.940418242771,46.1745491029551 -62.9438285829931,46.170364380377 -62.9533653260614,46.1745185850771 -62.9538879397365,46.1734313964068 -62.9518661492537,46.1661872865186 -62.9572944645852,46.1616477964347 -62.9593238832936,46.1548690793087 -62.9649429325303,46.1485061642426 -62.9676780701619,46.1413040162985 -62.9684410101136,46.134006500186 -62.9653129583027,46.1260490415123 -62.9600296020794,46.1292228695669 -62.9551544187595,46.128517150652 -62.9524421692284,46.1228790279825 -62.9439506530833,46.1251983644661 -62.9293212893961,46.1230773928767 -62.9265136716177,46.1309623721846 -62.9169998167413,46.1366729737416 -62.9145507814102,46.1317291256235 -62.9116439820011,46.1311225892948 -62.9067115780354,46.1340751651659 -62.9128189087045,46.1406097409193 -62.9123878474808,46.1426773068776 -62.9095687869616,46.1428031921937 -62.9068374630456,46.1391334532667 -62.9013175970311,46.1413688658524 -62.9039344791038,46.1447143558578 -62.9008979800353,46.1484603886674 -62.8924064637093,46.1413726811163 -62.8808860776917,46.1348228449598 -62.889816284529,46.1283988951208 -62.8873977660535,46.1232299803858 -62.8921737668026,46.109256743842 -62.9017639161152,46.1090583802178 -62.9173812866063,46.0986213684252 -62.9207115177256,46.0889282226607 -62.9262084955325,46.093105316163 -62.9301452634694,46.0933074950949 -62.9393844607004,46.0901069637463 -62.9418182375108,46.0920677181125 -62.946060180431,46.092506408746 -62.9553375243627,46.082664490049 -62.9796447759511,46.0740699767893 -62.9967575068643,46.0680160519599 -63.0058250432343,46.06641006482 -63.0136680599341,46.0702400209773 -63.0270462032084,46.0683898927134 -63.0266304020978,46.0628662111704 -63.0451164247852,46.0530128483943 -63.0420265198235,46.0510253906743 -63.0268936151802,46.0539360045972 -63.0165443420821,46.0520400999927 -63.0015754697115,46.0533523560044 -62.9916419975597,46.0569801331089 -62.9534416195682,46.0566520689929 -62.9539909358434,46.0584220886725 -62.9546737670141,46.0606155393098 -62.9477272026064,46.0671424867364 -62.9466552731283,46.0647926334025 -62.9483489992281,46.0612106323212 -62.9438781739637,46.0598373414159 -62.9409942624677,46.0622138980838 -62.9346275324577,46.0600547792491 -62.9308509824431,46.0614700318462 -62.9301643367579,46.064876556732 -62.9136085504817,46.0624198916054 -62.9086494449195,46.0688209538394 -62.9117660524105,46.076774597322 -62.9108695988701,46.0790252688633 -62.9042015076169,46.0766181945174 -62.8982887273287,46.0795288083699 -62.8902244570031,46.0809478760924 -62.8975067135618,46.0744400020247 -62.9023132330644,46.072624206377 -62.9100837706498,46.0583419801367 -62.9062461852295,46.0572280884221 -62.8950805659883,46.0630798336037 -62.8912429814014,46.0619659424033 -62.8932685852958,46.059551239281 -62.9002914426672,46.0511932375448 -62.887454986223,46.0447998049683 -62.8867835997691,46.0417823787675 -62.898830413844,46.0462989806561 -62.9064903255131,46.0455474851056 -62.9095268244149,46.0479927061559 -62.9110374445609,46.0524291994371 -62.9186897282754,46.0548858640676 -62.925231933149,46.0522384645471 -62.9311714173061,46.0552902220141 -62.9358329765929,46.0548439027342 -62.9425315857767,46.0444030758272 -62.9294090267998,46.0375442500456 -62.917541503173,46.028221130537 -62.9081115719091,46.0176544192235 -62.9037170415714,46.0155906679258 -62.9021720888012,46.016456603889 -62.9060440064959,46.022872924929 -62.9031600950566,46.0228614803015 -62.8914260868523,46.0165634158938 -62.8888626101722,46.0127639770701 -62.8739891047971,46.010166167978 -62.8673973083313,46.007072449007 -62.8658218379883,46.0033187862667 -62.8703918456827,46.0005760197812 -62.8809242252014,46.0068550113663 -62.8934478763832,46.0068054198055 -62.8965225223708,46.0026054385645 -62.8935966490969,45.99603652903 -62.8841934203532,45.9946327213821 -62.8741111759499,45.9872322080543 -62.8655624387954,45.9840431215005 -62.8580665581449,45.9740219117498 -62.847782135386,45.971656799592 -62.8263740537759,45.9625167842079 -62.7999382023362,45.9604530337519 -62.7708053591448,45.9559516907965 -62.7579460138556,45.9470214844002 -62.7448081964665,45.946784973078 -62.7394027704218,45.9481086732637 -62.740161895516,45.9502105710728 -62.7450180048667,45.9509277345974 -62.7460594179559,45.9535026546746 -62.7434463496625,45.9563522340174 -62.7250595090186,45.9620323176968 -62.7177848818659,45.9623336788124 -62.7132453916136,45.9586563108331 -62.7084617610642,45.9572563169935 -62.7033920293683,45.9587860108329 -62.7019958491826,45.9592018129799 -62.676979064844,45.9592552189609 -62.66872024551,45.9565200801251 -62.6443061825269,45.9600372312276 -62.5917510983241,45.9620323176581 -62.5488281254747,45.9661331176022 -62.5388031004541,45.9704093934748 -62.5267601014633,45.9712982176521 -62.5155639652037,45.9721260074776 -62.499713897705,45.9783706661309 -62.4949455263984,45.982700348282 -62.4707412719575,45.9958305361401 -62.4671440131385,46.0043487547578 -62.4592437747103,46.0101089475237 -62.4600181572472,46.0207099915942 -62.4830245976045,46.0212821958671 -62.5088157647693,46.0116767882453 -62.5173568732259,46.0119132995671 -62.5356216433541,46.0034103396623 -62.5424003606537,46.0028610231704 -62.5454483030341,46.0043411250132 -62.5326309205407,46.0082931516036 -62.5294990537074,46.0123443600491 -62.5158844000745,46.0191802977496 -62.5169372552711,46.0215263369423 -62.5269699096991,46.0202407835701 -62.5336761476672,46.0162467954346 -62.5397987368949,46.0174942020193 -62.5527534485525,46.0136070256145 -62.5533523554899,46.0170822144452 -62.530368804872,46.0222549441902 -62.5316467280192,46.0255393980404 -62.5396614077878,46.0246009826124 -62.5405654908937,46.0283203124288 -62.5604476925599,46.0273323054581 -62.5521469111507,46.0367469790152 -62.5431175229371,46.0408477777893 -62.5462379458155,46.0453758236112 -62.5423278801953,46.0479164125519 -62.5380668637296,46.0506668086832 -62.5309638969658,46.0463790894218 -62.5229682916409,46.0470886233034 -62.5068550115209,46.0496559142153 -62.5010757447253,46.0541572572438 -62.4884605410399,46.0461273189519 -62.477542876639,46.0581474304299 -62.4726600642771,46.0750885009375 -62.4605827323511,46.0826835634172 -62.4574432370869,46.0871009826045 -62.4581604000207,46.101139068517 -62.4562263483474,46.1065368651851 -62.4611129764843,46.1100158692441 -62.4641265865218,46.1154556276105 -62.4705123904675,46.119663238937 -62.4737777714677,46.1258049012864 -62.4728012081762,46.1463584897678 -62.4797172549267,46.149810791556 -62.4884185784105,46.1505546571906 -62.5050849914555,46.14591217083 -62.508838653775,46.1420516970796 -62.512958526445,46.1412658690751 -62.5154037467696,46.136066436894 -62.5065193179366,46.1337814332592 -62.4807014470677,46.1353607176385 -62.4783058167386,46.1339569087861 -62.4776115419593,46.1259765621493 -62.4806213382541,46.1214027407724 -62.4998550421184,46.1206245423661 -62.5044555666758,46.1178855895249 -62.5036811832292,46.1130332944806 -62.5214500425845,46.1135406496076 -62.5245513910536,46.1153144837972 -62.5232582091292,46.1179962152745 -62.5167694085539,46.1199378966026 -62.5181541441202,46.1223068237942 -62.5361213686011,46.1239738462377 -62.5406455990548,46.1219215396417 -62.5442085262664,46.1166114810514 -62.5553741454766,46.1082687379913 -62.5576667788624,46.1066551211005 -62.5598182681422,46.1070289616304 -62.5583496092157,46.1111831665882 -62.5621795650664,46.1152877806231 -62.5616226189364,46.1173248291824 -62.5504684448608,46.1167182927073 -62.5474090577529,46.1204528806546 -62.5537109371453,46.1290473939018 -62.5508041376955,46.1314201352956 -62.5426254275202,46.1307487486755 -62.5369873043024,46.1368598937495 -62.539257049643,46.1402015684128 -62.5489997859448,46.1416435239781 -62.5551376340564,46.1399116513907 -62.5590744018002,46.1431083678401 -62.5503540039817,46.1502075191648 -62.5434341428538,46.1500587467203 -62.531547546389,46.1618041990731 -62.536270141513,46.1638946529576 -62.5288085853403,46.1684319826307 -62.521377563515,46.1729507451183 -62.5195808403572,46.174228668245 -62.5024719241424,46.1765098571859 -62.5143928522946,46.1939048767613 -62.527065276987,46.2017059328968 -62.5221328730228,46.2044181823984 -62.5191650393618,46.2102241519849 -62.5153007508492,46.2093238830733 -62.4940452572018,46.2189521788967 -62.4800338749456,46.2200241086765 -62.4790801997591,46.2167549136384 -62.4922332764373,46.2144927977221 -62.4915046696615,46.2121620178279 -62.4816284181422,46.2088661194006 -62.4593772883906,46.2097129821052 -62.4465904233772,46.2087821958875 -62.4131050116346,46.2124481198733 -62.4144554131147,46.223758697638 -62.4201812740437,46.2286643982103 -62.4233169550821,46.2359504698739 -62.4159088137527,46.2428817750953 -62.4168052678973,46.2466011046555 -62.4303627011072,46.246662139734 -62.4254188539443,46.2580871585201 -62.4235115051746,46.2602767948872 -62.424793242897,46.2635650636381 -62.432346343877,46.2669563293451 -62.4341812134772,46.2711868285985 -62.4300003048724,46.2730216975893 -62.4134254463938,46.2645416258037 -62.3933486944335,46.2606773375761 -62.3874549861902,46.2543907165224 -62.3822708130491,46.2534141537803 -62.383827209638,46.2629013058066 -62.381725311463,46.2699813839554 -62.3881149294474,46.2699813843002 -62.3987541197015,46.2744712826142 -62.399063110241,46.2763328546944 -62.3912620549339,46.2769927977295 -62.3793754576637,46.2743225101716 -62.3615303042023,46.2754325864845 -62.3888015749016,46.2973594668253 -62.4015197752432,46.3019638060401 -62.4097099304729,46.3066673283677 -62.4130172721898,46.3085594179389 -62.4117164615159,46.3112411495869 -62.3799438470767,46.3023757936275 -62.3608818060946,46.301090240476 -62.343044280245,46.3035392762649 -62.3408317569889,46.3054809572131 -62.3426208490851,46.3071861268533 -62.3699150076982,46.3146705628783 -62.3720092770407,46.3166198728535 -62.3707847594064,46.318614960069 -62.3614234917384,46.3222274779911 -62.3575782776174,46.3210945126608 -62.3497695918693,46.322727203513 -62.3501625060488,46.3250389102655 -62.3632278439467,46.3266830443689 -62.3701286318881,46.3300476075877 -62.3749885557582,46.3367424008655 -62.3655052184539,46.3327751160516 -62.3583374017065,46.3316879273764 -62.3549804684513,46.329208373787 -62.3503990176699,46.3287239075311 -62.3481597903218,46.336627960585 -62.3423461916698,46.3381423948412 -62.3456268308436,46.3413047787647 -62.3658599857392,46.344036102562 -62.3747673032365,46.3530158996066 -62.3719215394078,46.3546943663596 -62.3666648862913,46.3530769352105 -62.3610382082352,46.3513374328088 -62.3391036985737,46.3489723202644 -62.331459045431,46.3519859317731 -62.3079414367859,46.3375968935696 -62.2987937926511,46.3336448670536 -62.2844123837796,46.3319206236285 -62.2847595211743,46.337444305679 -62.2762985230532,46.341785431082 -62.2760047916556,46.3442916873183 -62.2834281920568,46.3488426212069 -62.2871894843106,46.3621063230438 -62.2812843326376,46.36555480989 -62.2774925229177,46.3627319336604 -62.2703781129177,46.3611869808606 -62.272754668558,46.3578758241131 -62.2717552187424,46.3550682070582 -62.2622489931636,46.3513221743059 -62.2510032655948,46.3426589967451 -62.2417907708295,46.3448944090943 -62.235969543649,46.3436470037319 -62.2271919254158,46.3449821474214 -62.2174224853821,46.3435173034865 -62.2129859919839,46.3473892212141 -62.2059059139726,46.3483695985224 -62.1910324096869,46.3452224734685 -62.1851959234004,46.3497085570412 -62.1763343816455,46.3517341615036 -62.1738815300421,46.3585586549156 -62.1728630065615,46.3613967892118 -62.1379852293563,46.3674278260778 -62.1203079227431,46.3737602236389 -62.1173896786589,46.3761444090503 -62.1111984248307,46.3778228761806 -62.1063117981468,46.3770866394795 -62.0819015501849,46.3951797479888 -62.0694046016554,46.4024887081575 -62.0685539250296,46.404762268392 -62.06214141773,46.4070243836672 -62.0610809326368,46.4054450992058 -62.057151794522,46.4049873347701 -62.036655426418,46.4125175479502 -62.00591659576,46.4304580690199 -62.0003017822306,46.4454598654455 -61.9736111111111,46.4486111111111 -61.8516666666667,46.4644444444444 -61.5041666666667,46.625 -61.95,46.15 -61.6666666666667,45.8333333333333 -61.5116666666667,45.7283333333333 -61.4901550376206,45.693704857308 -61.4916164680182,45.6942914713276 -61.50756655719,45.693823532259 -61.5097811373708,45.6948013739105 -61.5192680405662,45.6940459838719 -61.5225600669754,45.6928120244152 -61.5231263418233,45.6906953944165 -61.5201183005548,45.6924992448515 -61.5177311419554,45.6925115022461 -61.5158243344436,45.6909020315361 -61.5177247542009,45.6875344127584 -61.5140141683161,45.6844857382891 -61.5125185079023,45.6801662012011 -61.5144349243957,45.6774639117165 -61.5183065521082,45.6775382151287 -61.5202524032493,45.6786150291228 -61.527811617423,45.6836829718917 -61.5299433548183,45.6851425256582 -61.5294505120865,45.6869103266646 -61.527693180492,45.6911161330631 -61.5256838284933,45.6915852307285 -61.5263347419809,45.6936673561555 -61.5376029627536,45.6919318415615 -61.5452339260389,45.690154137034 -61.5500667088773,45.6896136904108 -61.5543807769697,45.6888108602615 -61.5579710334622,45.6885981616574 -61.5641216242411,45.6900394571649 -61.5653497571707,45.6912956233377 -61.5672671445754,45.6923456852728 -61.5700124102701,45.6920557302359 -61.5718191993368,45.689611461928 -61.5732169649448,45.6875307729174 -61.5765249528424,45.6836073109126 -61.5786355416706,45.6810559159135 -61.5819994996407,45.6804926070384 -61.5878327337836,45.6778691712915 -61.5913664336371,45.6774225771343 -61.5945305203312,45.6735950560705 -61.5949302604966,45.6726212626638 -61.5945476001214,45.6716136883949 -61.5918351198377,45.6685233285867 -61.5912329836511,45.6661254176223 -61.5883271767636,45.6619849936767 -61.5887600187352,45.6592713658115 -61.5897194721541,45.656870025571 -61.5855715332148,45.6540478370503 -61.5851892462535,45.6530403014144 -61.583884326588,45.6482491510645 -61.5833795448586,45.6406783963359 -61.5844229432028,45.6386775746416 -61.5905272183267,45.6418727393152 -61.594435398037,45.6443016342111 -61.5967952711337,45.6478168164758 -61.5981666292653,45.6500781419808 -61.6008952362417,45.6511868658643 -61.6036720656572,45.6517470564517 -61.6080130504061,45.6523745430843 -61.611795674882,45.6522070596041 -61.6158497167729,45.6507298305356 -61.618036267471,45.6490621315336 -61.6203981914479,45.6471817291525 -61.6267495463311,45.6463531857683 -61.627131812762,45.6419655918945 -61.6308892808983,45.6364492810238 -61.6319479171627,45.6317128399363 -61.6276232542856,45.6237110738088 -61.6238921493754,45.6190636636744 -61.6198236529059,45.6160004333503 -61.6186301745781,45.6139541599471 -61.6224869611595,45.6142434764875 -61.626992346599,45.6183447444166 -61.6309338366622,45.6223513389064 -61.6351721732736,45.6243574252198 -61.6387492745839,45.625673585684 -61.6390221985916,45.6297585866964 -61.6416928234884,45.6318518897562 -61.6490002894182,45.6321084139676 -61.6515963562832,45.6321637468504 -61.6551056601401,45.6342977609868 -61.6548534671946,45.637334162872 -61.6567067481912,45.6411916714983 -61.6576022950364,45.6435417640116 -61.6599622630495,45.6416603743455 -61.6614595616608,45.6388615546746 -61.6632125976959,45.6367341641379 -61.6659698138643,45.6338787645556 -61.6732482409688,45.6368295347243 -61.6754791471457,45.6346121070031 -61.6770223983355,45.6312646784649 -61.6796503292259,45.6280732441687 -61.683746991079,45.6260447060291 -61.6853782986978,45.6289758289269 -61.6835324749071,45.6322004673974 -61.6825962899822,45.6357938338619 -61.6849757314061,45.6373255133314 -61.6908929736014,45.6360339475851 -61.6961436979545,45.6370257949444 -61.7000874289579,45.6386229109435 -61.7038685411004,45.638451594188 -61.7057824867561,45.6380916409523 -61.7111740206733,45.6374372016722 -61.7172092332641,45.6353773241256 -61.7244999856127,45.6349082480704 -61.7310931130032,45.6342989107745 -61.7353767169371,45.633039997131 -61.7411976940247,45.6331321176397 -61.7459707715857,45.6342112181111 -61.7534010817165,45.6370513407101 -61.7582279956982,45.6405687372641 -61.7561676549824,45.6454225966035 -61.7540689054857,45.647977714134 -61.7555400352014,45.6500227063688 -61.7635461538295,45.6472692236117 -61.7700422132646,45.6481896512148 -61.7782858099155,45.6455657173215 -61.7832023727331,45.6435346769454 -61.7867308190014,45.6421703376276 -61.7904370974957,45.6391302380375 -61.7924501687145,45.6356903409575 -61.7950619222129,45.6344765540737 -61.7977272607241,45.6307331518335 -61.800878245107,45.6249182663044 -61.7984122029525,45.6225057335114 -61.7932815597277,45.6238363311571 -61.7921131979906,45.622797727096 -61.7924332780671,45.6189583791916 -61.7883591402254,45.6170299202911 -61.7835038203593,45.6150691308329 -61.7883929872403,45.6091064455872 -61.7925952846752,45.6113703311088 -61.796191038056,45.6133890055375 -61.8005766027578,45.6134587085094 -61.8013660148072,45.6115098582937 -61.8020719964591,45.6086770886609 -61.8008661112238,45.6062062952477 -61.796875993507,45.6051622387861 -61.795321436481,45.6031173489269 -61.7972412039856,45.6007747501595 -61.8007153372634,45.6004769195522 -61.8029224519927,45.6022182318105 -61.804780758573,45.6043854648657 -61.8059868131641,45.6068561838325 -61.8076406538119,45.6058232036339 -61.8080427955965,45.602868025684 -61.8124272699204,45.6029371051737 -61.8151056055627,45.6065684035981 -61.8137480497364,45.6097048075955 -61.8118668123939,45.6134802437439 -61.8104708005315,45.6151842730675 -61.8078985182983,45.6178308262225 -61.8075721577217,45.6236511615495 -61.8042553084449,45.6276982456168 -61.8034579616184,45.6316282899678 -61.8015371936663,45.6339713415343 -61.8034801664442,45.6370229425811 -61.8130231425999,45.6411555474567 -61.822148899298,45.6408670175434 -61.8256259973117,45.640568176179 -61.8308028619379,45.6386871111086 -61.8330647799868,45.6378983411821 -61.8356367206155,45.6352508353659 -61.8371227766444,45.6324492101414 -61.8393842661613,45.6316603052314 -61.842382387782,45.6314515297304 -61.8456723684148,45.6353271191466 -61.8476184237788,45.638377794236 -61.8453448620153,45.6431291741132 -61.8390821981527,45.6448570351692 -61.8360768047786,45.6470468742353 -61.8338920661777,45.6507009946689 -61.8367947631978,45.6535707577557 -61.8363941302286,45.6565267645354 -61.8361680130763,45.6592697140867 -61.8322498221425,45.661092343995 -61.8282087318586,45.6605980067628 -61.8242131140588,45.6595549012562 -61.8237869160517,45.6571156658858 -61.8243244907466,45.6525139926123 -61.8283714923563,45.6510272680495 -61.8324634907852,45.6489918136098 -61.8328190608284,45.6465844806108 -61.8281331160733,45.6444127542308 -61.820525414704,45.6453141520447 -61.8146180228393,45.6446330822368 -61.8068506530872,45.6417840913757 -61.7979906428099,45.6407610180984 -61.7925999853984,45.64142062883 -61.7880742988954,45.6429961199373 -61.7863727962898,45.6445774415973 -61.7894094041457,45.6458030270414 -61.7940560988869,45.6465441411328 -61.8003961629984,45.6476846060814 -61.8103359841867,45.6508430975193 -61.8151963653076,45.652802756311 -61.8178396259248,45.6550021058993 -61.8197008549164,45.6571695443151 -61.8180535089351,45.6594640770863 -61.8174332250903,45.6619543641488 -61.8208158468349,45.6669297998487 -61.8247411761347,45.6702550309528 -61.830820158723,45.6727038137649 -61.8323669981242,45.6749461397096 -61.836277955877,45.6768947280816 -61.8385881916287,45.6775325786838 -61.8404575300267,45.6777183578573 -61.8500183924976,45.6798663396097 -61.8566687088764,45.6811254042295 -61.8689235119883,45.6849212015452 -61.8728003283443,45.6868577694942 -61.8792932990204,45.689343434781 -61.8842752512333,45.6925906957687 -61.8915394087119,45.6907531221372 -61.891829149412,45.6871866174421 -61.8831708889351,45.6883820412075 -61.8728284912518,45.6842245566097 -61.8734416779782,45.6823842649374 -61.8772704159762,45.681760406253 -61.8811618721316,45.6821914697454 -61.8828271886206,45.6815507736834 -61.882423070748,45.6773155175005 -61.8840468636029,45.6741978900255 -61.8868182878359,45.6715149990865 -61.8828626374353,45.6699846075928 -61.8856354220053,45.6661222871573 -61.8892802488407,45.6625079375366 -61.8920826541448,45.6614941229945 -61.8944340104679,45.6605721249404 -61.9017712150374,45.6594133558066 -61.9065832487396,45.6545016172168 -61.9096785295981,45.653753967272 -61.9107812969967,45.6507746305051 -61.9065165397274,45.6493251556113 -61.9063190778855,45.6466793441545 -61.9081092637934,45.6437274705902 -61.9051052724517,45.6416490817721 -61.9000185882615,45.6406001025664 -61.8952635661703,45.6409909356175 -61.8914778045183,45.6387841556071 -61.894526671773,45.6368986118714 -61.9003848392279,45.6386316071208 -61.9024564604616,45.6385932020577 -61.905460437773,45.6346982986579 -61.9036808323114,45.6300603289809 -61.9037772971219,45.6252483595242 -61.9056147793139,45.6221294508531 -61.9089748587023,45.6214892869654 -61.9125176159447,45.619864813795 -61.9125014149932,45.6179296494756 -61.9106564837588,45.6138906251537 -61.9124793987038,45.6135036233622 -61.9149146049129,45.6119318583427 -61.9136690752292,45.6090049144592 -61.9151131202895,45.6064814749792 -61.9169898210734,45.6084113329372 -61.9197526408578,45.611994304784 -61.9186524997492,45.6134342987567 -61.9156074908157,45.6144499886859 -61.915165018034,45.6169472586184 -61.9169564727223,45.6186626806538 -61.9181295854452,45.6190719342498 -61.9198923836514,45.6155841623394 -61.921263826132,45.6156657363895 -61.9210316310134,45.618123004673 -61.9244513753238,45.6174500514807 -61.925134183509,45.6185273018578 -61.919724138005,45.6197127111537 -61.9178789812185,45.6208997880046 -61.9146495057831,45.6221925065215 -61.9182080339998,45.6245159251334 -61.9194469170645,45.6258225082232 -61.9190251347466,45.6272083565553 -61.918679213876,45.628935770377 -61.9219558920352,45.6340472478909 -61.9251141710554,45.6350670513663 -61.9262775877626,45.6360320335526 -61.9268746130437,45.6397556842093 -61.9295106449278,45.6386990960631 -61.9339113576826,45.6388487244446 -61.9373209895075,45.6371695156178 -61.9412758643095,45.633843081773 -61.9470608901044,45.6330551317503 -61.9485698405557,45.6318569920471 -61.949975413833,45.6280673199658 -61.9537091976435,45.6244658652183 -61.956344133046,45.6225380713055 -61.9603644092185,45.6222390958698 -61.9606004433283,45.6244667046757 -61.9587433143233,45.6251367900357 -61.9566586206765,45.6247248629357 -61.9554853706323,45.6256693388972 -61.9552240578322,45.626979777093 -61.9552667286038,45.6284122028866 -61.9558632824829,45.6297838349185 -61.9581525240777,45.634523665082 -61.9535688774159,45.6349491779267 -61.949024956539,45.6407691577764 -61.9512968701261,45.6426263362874 -61.9491085998726,45.6456153674737 -61.9444602113387,45.6438916284141 -61.9389694289656,45.6440042571833 -61.9394580338649,45.649528299871 -61.9292251427943,45.647968776204 -61.9261148698614,45.6505425667666 -61.9291545984823,45.6527541094477 -61.9275888861938,45.6536828877145 -61.9217658135419,45.6529021405649 -61.9204803495345,45.6546008397084 -61.9230072969754,45.6575327700629 -61.9269069892992,45.6587325339122 -61.9298225610922,45.6620763662743 -61.9286184219854,45.6626021055179 -61.9179744740351,45.65800415372 -61.9081618645084,45.6601318801829 -61.9096251023141,45.6623275373735 -61.9118188798228,45.6633503315905 -61.9086606171429,45.6674630244663 -61.9000368689304,45.6669053540769 -61.8945255964075,45.6706357340849 -61.8915947162011,45.6744391865266 -61.8983604922731,45.6773462049638 -61.9020311714534,45.6773899960528 -61.9026071955886,45.6733870290916 -61.8982941342135,45.6741028064442 -61.8983926516422,45.6723564918348 -61.9024817912733,45.6718252584287 -61.9147116669246,45.6771154105209 -61.9144488528863,45.6784260301593 -61.9074914960098,45.6780397570392 -61.9072324972007,45.6822743022801 -61.9142407234046,45.6834578269036 -61.9119450179235,45.6878934278984 -61.90794662044,45.6904809201814 -61.9054190274311,45.6903201283751 -61.9039451089005,45.6882278463719 -61.9020141780198,45.6894365132609 -61.9060251173922,45.6971375296141 -61.9021286873487,45.6986891251415 -61.903168284455,45.7013728406077 -61.8992046393782,45.7037474359304 -61.8960440921236,45.6952540321323 -61.8968975300824,45.6924805862079 -61.8900456685413,45.6927027638426 -61.8924759884075,45.6956622630037 -61.8954243360126,45.7009544563035 -61.8981766797477,45.7067343045682 -61.897135623859,45.7108492484382 -61.8975200087704,45.7148283495358 -61.8957194289622,45.7234552209231 -61.8944047888926,45.7280275493633 -61.8905623483654,45.7337104556764 -61.8891615705902,45.737398568629 -61.8897161177126,45.7431469084316 -61.8922587959717,45.7457260180351 -61.8968266486975,45.7485508953512 -61.9009251733581,45.7523204735819 -61.9015533783561,45.7542726266732 -61.8964738422552,45.7567686827655 -61.8964701588781,45.7587508286839 -61.9043921430512,45.76292026721 -61.9059827939669,45.7627080919508 -61.9089036861832,45.761612567263 -61.9095768109439,45.763015869472 -61.907133670303,45.7650114155489 -61.9090025247294,45.7681693410285 -61.9100232484404,45.7701369767983 -61.9092135718568,45.7723625974567 -61.9081418247076,45.7749082463206 -61.9079639914597,45.7771038973038 -61.908462636787,45.778720645874 -61.9086564033892,45.7802151768558 -61.9101145599946,45.7816498340622 -61.9110149705897,45.7841359266629 -61.9088296561681,45.7877940754546 -61.9084770866251,45.7902032120982 -61.909693929697,45.7926745777834 -61.9108664656503,45.7956949206184 -61.9092493250387,45.7981641796588 -61.9082420863574,45.8008779241798 -61.9114644750567,45.8038694402294 -61.9127677700571,45.8072255204988 -61.9150310876281,45.8103993024862 -61.9161156511052,45.8145178179314 -61.9165012421166,45.8194900117028 -61.917414114103,45.821839373205 -61.9181420121724,45.8256553905831 -61.921655648889,45.8287071379086 -61.923073214367,45.8317568035211 -61.9229515506589,45.8332668639403 -61.9230528653343,45.8365777708605 -61.9237576517641,45.8428001448842 -61.9233117900239,45.8502739750746 -61.921252189346,45.8562521617879 -61.9199832957015,45.8582953825178 -61.9155705449175,45.8602144345065 -61.9108278438468,45.8607509920735 -61.9050860539209,45.8631048238598 -61.9029855950236,45.8656658450138 -61.8983516384733,45.8683466727209 -61.895572462706,45.8714866523956 -61.894868271761,45.8743234447694 -61.9029394902392,45.8798224790726 -61.9175232363117,45.8848068642892 -61.9331054413889,45.8872122049899 -61.9395590448461,45.8866839048066 -61.9554041937982,45.8806750509725 -61.9601660562654,45.8803100279211 -61.9729663654558,45.8760707955177 -61.9800862519881,45.8718300744237 -61.9818768225504,45.8691451805076 -61.9801734802049,45.8667654807285 -61.9909575417292,45.8560562184273 -62.0016072934887,45.8489765032363 -62.0125592775512,45.8420176797548 -62.022384010105,45.834971432942 -62.0298093110474,45.8310583275017 -62.0389217018658,45.8253485319958 -62.0464183376823,45.8201272134354 -62.0520404877701,45.8167065735471 -62.0583144460563,45.8120471453299 -62.0641060743644,45.8073625039848 -62.0693347455816,45.8049173818945 -62.0744694497359,45.7996050280584 -62.0797709173383,45.7959539519819 -62.0833441659512,45.7906893850499 -62.0849199302134,45.7886290653018 -62.0875473597973,45.7874141522644 -62.096135914118,45.7847604869047 -62.1088522240159,45.7837490708677 -62.1154054949349,45.7847821336573 -62.1195632147085,45.7844120941436 -62.1250683417657,45.7827788263424 -62.1333391153555,45.7793220486151 -62.1360331551106,45.7767957462649 -62.1420167861134,45.7737786173945 -62.1523265961665,45.7697831505683 -62.1660548007307,45.7635490134581 -62.1714901258595,45.7627860615233 -62.172697783055,45.7616924455716 -62.1712663908742,45.7591012547779 -62.1757880065832,45.755503347127 -62.1814180896379,45.7521209932876 -62.1887221871955,45.7514255980677 -62.2000837339764,45.7449255480829 -62.2085358863908,45.738843786666 -62.2188792235366,45.7308170485327 -62.2243567329021,45.72602678233 -62.2297454666304,45.7241212384005 -62.2408056753667,45.721544700955 -62.2483371506781,45.7193652393259 -62.2571359974608,45.7152178143851 -62.2648665193787,45.7119940817639 -62.2723744630247,45.7066616156047 -62.2859815354213,45.698132949376 -62.2995003823907,45.6924871709164 -62.3141045798471,45.6890653639539 -62.3200451438674,45.6880494962361 -62.3279592234914,45.6873650057945 -62.3355991255069,45.6870202357344 -62.3401905176821,45.6793197581267 -62.3442026275914,45.6818961897345 -62.3466050252575,45.6797051654385 -62.352777767131,45.6736208322786 -62.3538593668642,45.6706838111285 -62.3491715659809,45.6681583081262 -62.3475960754849,45.6657411372156 -62.3485230795142,45.6649860739889 -62.3542434057664,45.6670226079878 -62.357262702812,45.6684399652601 -62.3588787161546,45.6670537150645 -62.3621705088447,45.6643235877086 -62.3666021668827,45.6651772470878 -62.3695188610401,45.6627412123322 -62.3726502352993,45.6572506331143 -62.3799687488614,45.6525171422809 -62.3852052748528,45.6507732467094 -62.3907277548634,45.6538502998907 -62.3935203972531,45.6531590285168 -62.3956613416533,45.6492960322444 -62.4005932476726,45.6483281360008 -62.4050848244982,45.6483071472717 -62.4087721735727,45.6437096519418 -62.4134924039296,45.6415070864673 -62.4222891879174,45.6376106380527 -62.4277221088191,45.6419942766055 -62.433304677995,45.6406094420904 -62.4398881609731,45.6391707271377 -62.4442695387997,45.6352953912913 -62.4476656145712,45.6330485415075 -62.4412908457225,45.6278471803044 -62.4450221099604,45.6279735175683 -62.4521389423806,45.6314502569297 -62.455261673178,45.6295438316861 -62.4666942066327,45.626429896982 -62.4726526731594,45.6249680055404 -62.4748622756642,45.6218059048299 -62.47804821672,45.6226122725304 -62.4816370783968,45.6193212851869 -62.4868065995141,45.6184444084555 -62.4900565828824,45.6127804892773 -62.4968474409045,45.611869670335 -62.4968109057157,45.6087200149671 -62.4984258570058,45.6051005959074 -62.4994300881409,45.5994495092887 -62.4986947218431,45.5955771861413 -62.5002207906319,45.5932667611704 -62.5006693717795,45.5903083455096 -62.5055121271261,45.5942295903087 -62.5066390922287,45.6027806831061 -62.5083638262701,45.6041857976704 -62.5084568782945,45.607310453159 -62.5119544692058,45.6094127527731 -62.517155278231,45.6087333877087 -62.5220412439547,45.6052055735468 -62.5235932819849,45.6061790351725 -62.5192507998327,45.6106471811507 -62.5085174779044,45.6124205730613 -62.5089807134415,45.616054237469 -62.521102094925,45.6131913946774 -62.5207153955674,45.6159455636921 -62.5092383850845,45.6212420352899 -62.5095351227823,45.6273536099728 -62.5055094015835,45.6349848662928 -62.4971103521549,45.6375049650125 -62.492272465633,45.6403681151954 -62.4890548322298,45.6459837369601 -62.4808145546405,45.6482170565692 -62.4787445669565,45.6508878789904 -62.4806289187914,45.652525398933 -62.4895537056308,45.6533480531012 -62.5020946662524,45.6560393395442 -62.5110581161785,45.660010217122 -62.5145576770239,45.6636249318341 -62.5258779493468,45.6622486809751 -62.5377974848521,45.6615277311391 -62.5391772059273,45.6575282232227 -62.5272592057237,45.6565208612206 -62.5173418493097,45.6602162199282 -62.5017852793154,45.6532299250032 -62.5039128739056,45.6507599702778 -62.5135516165343,45.6488961347148 -62.531148391292,45.6468520208726 -62.5347984424147,45.6503597367365 -62.5411322058806,45.652483237651 -62.5523433136255,45.6506948993041 -62.5566786400342,45.6492618106788 -62.5620850132145,45.6504873953214 -62.55842234037,45.654183132903 -62.5707232178919,45.6556661350569 -62.5765022860015,45.6588272862167 -62.5789767215986,45.6629309821347 -62.5717026331003,45.6599363471001 -62.5567699349736,45.6607994258061 -62.5563077353268,45.6662483299805 -62.5505979663968,45.6714553062764 -62.5646905238933,45.6752394335898 -62.5687942931492,45.6764115148257 -62.5790638807557,45.6788019228978 -62.5859670566307,45.6769667855221 -62.6008457279488,45.6795554980219 -62.6065606248734,45.6794024305279 -62.620273255907,45.6840254971568 -62.6227076616023,45.684977792206 -62.6257421011893,45.6843745062938 -62.629484732399,45.6818364217126 -62.6355570280801,45.6792625406427 -62.6380011843745,45.6761909088575 -62.6471489770541,45.6775297786778 -62.656993730638,45.6775256853365 -62.6678257656125,45.6820288565359 -62.6743244175023,45.6818823414731 -62.6804618840249,45.6772460939079 -62.683568008697,45.6804019479645 -62.6866569516218,45.6835403438393 -62.6841221377604,45.6848122904632 -62.6758286219446,45.6896271347899 -62.665515135659,45.6899277087311 -62.6605859541884,45.6941728037193 -62.6545189407976,45.6956142649543 -62.6465367424238,45.698485224537 -62.6463280026025,45.7058470205847 -62.6415496691366,45.7102453466699 -62.6389350359433,45.7159368459491 -62.6547382648977,45.7265841824054 -62.661459310714,45.7269703133156 -62.6676371954983,45.7280388691884 -62.6762800367664,45.7324204404772 -62.6864987519989,45.7374942184058 -62.6929956168188,45.7379284355302 -62.6992859985763,45.7372484225753 -62.7063904064671,45.7355432137049 -62.7195672362492,45.7326244579789 -62.7298153184068,45.7285643956233 -62.7352904638378,45.7289068620997 -62.7438556141427,45.7317928569049 -62.7466748320806,45.7346783517465 -62.7451567229264,45.7390066539012 -62.7485625094108,45.745151846516 -62.7555142737607,45.7491247297948 -62.7606145684257,45.7517249833609 -62.7656684097068,45.7532807723588 -62.7741285224318,45.7547267439598 -62.7752526962901,45.7578836604426 -62.7698194383565,45.7604881469119 -62.7612376735139,45.7598739805915 -62.7497132946492,45.7582191313473 -62.7413052529081,45.7567382717663 -62.7410343965278,45.7530551099658 -62.7332235748127,45.7540416321983 -62.7290950706139,45.7468291045776 -62.7219453883411,45.7465214084541 -62.7110977543331,45.7481126648252 -62.7071786438458,45.7551698609756 -62.711157463939,45.7596224701266 -62.7056770882792,45.7612990207149 -62.6980727290359,45.7564602300305 -62.6947243595539,45.7564882807721 -62.6880870109737,45.7601756464659 -62.6814031232926,45.7634568124914 -62.681115113031,45.7647965696557 -62.6906327405539,45.7634048035424 -62.6992908716775,45.7660705772198 -62.7027236813158,45.7663186949953 -62.715336189713,45.7625194687138 -62.734035382982,45.7610663632424 -62.7620837324185,45.76436910072 -62.7655023166465,45.7656974379251 -62.7759175327864,45.7630364960037 -62.78399321874,45.7641796640957 -62.7955266549688,45.7662995060725 -62.8091267636556,45.7678797377928 -62.8264526429668,45.7697734887463 -62.8375079938836,45.7699439303823 -62.8600879764778,45.7728801649682 -62.8789954050387,45.7716346752293 -62.8907766339483,45.7728481379283 -62.8932198511877,45.7747957083028 -62.9104056782728,45.7764240077046 -62.921612149525,45.778970328244 -62.9536191271081,45.781131347101 -62.9727693625284,45.7866774390495 -62.9738461468864,45.7880390029889 -62.9789322064047,45.7869365654105 -62.9880839523886,45.788958999902 -62.9907182907344,45.7914767981037 -62.9919268438335,45.7932783779089 -62.9967066950002,45.7942837843332 -63.0090043847526,45.7942300189374 -63.016915660895,45.7922645073577 -63.0269922214476,45.7923001806363 -63.0308166294386,45.7931030464258 -63.032695720034,45.7946603982136 -63.0332553791044,45.7963782333386 -63.0443300021426,45.7936233479471 -63.0488658121199,45.7934188369132 -63.0507661966255,45.7940377851961 -63.0519582908417,45.7950522710366 -63.0652280192657,45.7954755532116 -63.0815073107627,45.7962174422474 -63.0962725889956,45.7972654401176 -63.1019999668683,45.7986832969179 -63.1065663725286,45.8013797695544 -63.1065686365731,45.8024930419981 -63.1043086911062,45.8044632757378 -63.1064966091585,45.8061364077869 -63.1104065600584,45.807134620728 -63.1167397404572,45.8054461322536 -63.1245738255326,45.8042768238967 -63.1290986830924,45.8042862687283 -63.129713320742,45.8032982913269 -63.1268156428823,45.8002975160532 -63.126587300658,45.7981524644243 -63.1256027550434,45.7975921974868 -63.1234637479794,45.7987908286983 -63.1169842935362,45.7974200319308 -63.1111383692453,45.7935662990896 -63.1109008177176,45.7910281288372 -63.1094217948647,45.7906835133989 -63.107471857722,45.7915487218367 -63.104001211782,45.791107711152 -63.0992625335135,45.7887340304009 -63.0966758180106,45.7859448515078 -63.0905525129511,45.7853923571455 -63.0798889141611,45.7795749651525 -63.0794750771099,45.776300948499 -63.0757600159743,45.7746519055227 -63.0746678310031,45.7706722642045 -63.0710264448202,45.7688286004934 -63.0703235659874,45.7657215140346 -63.0721311041517,45.7611868863029 -63.0732723056976,45.7591406738374 -63.0778554684896,45.7550118031155 -63.0814238701048,45.7560234158069 -63.0849802081108,45.7565548829659 -63.0882941153196,45.7581054606853 -63.0924417713379,45.7598090544959 -63.0941541049244,45.7615786876459 -63.0956412591951,45.7624007463588 -63.0969839469605,45.7634434558579 -63.0981132505188,45.76504478316 -63.1005924720114,45.7653287953706 -63.103993734394,45.764131292389 -63.1087154380797,45.7638851814534 -63.1112416385924,45.7632971868028 -63.1126469309992,45.7638362249009 -63.1180891818714,45.7623646810084 -63.1213749976368,45.7603996957501 -63.1260893435806,45.7573700332519 -63.130679186386,45.7541748387277 -63.1337904248044,45.7527774991588 -63.1381838746758,45.7515543686235 -63.1406420884663,45.751051130571 -63.143477120068,45.751081380531 -63.1497974265741,45.7512239787608 -63.1535882451197,45.7514533174806 -63.1562836920336,45.7488172506291 -63.1579310505732,45.7477251786579 -63.1631606337099,45.7466094098228 -63.1683163465115,45.7464651992765 -63.1774267767995,45.7464223402467 -63.1770335289955,45.7454246080449 -63.1781205252812,45.7431176413874 -63.1844499530208,45.739483070603 -63.1879024084313,45.7384149064328 -63.1893702980991,45.7377541670291 -63.1906063864226,45.7355600624386 -63.1953189117673,45.735418440951 -63.1970095192199,45.7340650258044 -63.1990721114364,45.7337603020892 -63.2015426175135,45.7344700118883 -63.2002588906921,45.7356969444097 -63.2014307385544,45.7365340841963 -63.208382410959,45.7370814541802 -63.2084036972173,45.7384784889119 -63.2066746991329,45.7393729374332 -63.2094302270939,45.7409265625885 -63.2121607270577,45.7416365383185 -63.2118413325583,45.7425150374755 -63.2096735191252,45.7428529388082 -63.2093281026144,45.7441097970773 -63.2112524260194,45.7466788319575 -63.2104566032795,45.7482079920582 -63.2076329839765,45.747961905528 -63.2026181976208,45.74910031163 -63.2002779194886,45.7491499496389 -63.1947368157135,45.7538096823723 -63.1937676252176,45.7556616762336 -63.1884532109226,45.7601305708507 -63.1869831569353,45.7620134035636 -63.1857035351877,45.7626353668508 -63.1798990841873,45.7621375460151 -63.1782737392651,45.7634052344712 -63.1779158576617,45.7648800272342 -63.1788712204929,45.765690177662 -63.1825525323398,45.7656535995124 -63.1866454804879,45.7654964562867 -63.1958209604589,45.7653377664532 -63.2010685347783,45.7665271325521 -63.2056286436174,45.7674201342351 -63.2087930738984,45.767129327049 -63.2067112385589,45.7621664433599 -63.2087040692679,45.7593269643262 -63.2114358715215,45.7558048641273 -63.2165253665261,45.750805387201 -63.2202614539959,45.7496776337915 -63.2249699761238,45.7490324432495 -63.2320407780988,45.7485117421199 -63.2384449015643,45.745750630895 -63.241363746451,45.7428663303831 -63.2458886767589,45.7391369322121 -63.2487113884869,45.7369379896956 -63.2509727398885,45.7353577909436 -63.2543593807026,45.7343182619993 -63.264802803956,45.7329733114943 -63.2671511686168,45.7296494043696 -63.2630436253867,45.7270823619226 -63.2581259761983,45.7257605341333 -63.2522445814165,45.7235005718779 -63.2410748922501,45.7223033410529 -63.2413725733105,45.7214296977751 -63.2433691666434,45.7212915423285 -63.2468796831601,45.7190227523157 -63.2509739816998,45.7199756066289 -63.252878324355,45.7188037328398 -63.2549395876681,45.7179360285969 -63.2593786427349,45.7194643240841 -63.2599793967965,45.7211373751073 -63.2612189120276,45.7224989802017 -63.2664991063249,45.7265132394718 -63.2686332114703,45.7274386753206 -63.2695426508909,45.7328939884926 -63.2672675801758,45.7335251391468 -63.2682360826839,45.7359491628903 -63.2679429494307,45.7380584121904 -63.2688167072717,45.7398910044051 -63.2661801552452,45.7452154535938 -63.2672946165839,45.7468832855286 -63.2656041598024,45.7486052109966 -63.2625407216481,45.7495382355663 -63.2574561080319,45.750890957442 -63.2545524762661,45.7526359213862 -63.2554557693034,45.7532854611495 -63.2613182063942,45.7528349441095 -63.2649778995758,45.7517537472357 -63.2712766133708,45.7516946335132 -63.2755501556283,45.7503996380317 -63.2827780346953,45.7461039403802 -63.286999380416,45.7433270988138 -63.2902028873764,45.7403288630432 -63.2913682150736,45.7388299760136 -63.2902095733145,45.7346935193106 -63.2890658029531,45.7325116407712 -63.293415447893,45.7315051463684 -63.2950450756176,45.7296889645765 -63.3036434615442,45.7279115699411 -63.3092024769642,45.7285290462773 -63.3136885419021,45.7295351748639 -63.3162787905634,45.7305218194526 -63.3171531811449,45.7315577294548 -63.3182220747686,45.7357945050844 -63.3208439823835,45.7382359872726 -63.3243975607685,45.7394779636647 -63.3283918992023,45.7391300830423 -63.3309642928163,45.738370229821 -63.3421633748157,45.7387472839298 -63.3563595625686,45.7396522516204 -63.360117212593,45.7399158117984 -63.3634587226865,45.7404093851866 -63.3657721178915,45.7409003920882 -63.3676484346275,45.7420574154421 -63.3697207461023,45.7436772184618 -63.3701371035692,45.745388905698 -63.3652823919506,45.7484818556149 -63.3640808161409,45.7501335839602 -63.3582987958983,45.7513966968876 -63.3583332802254,45.7523323635112 -63.3627706404121,45.7527428147409 -63.3651021571332,45.7535179377411 -63.3672063151289,45.7525420525921 -63.3742905389176,45.754956286265 -63.3768392810809,45.7557580342541 -63.3784051416298,45.75690760143 -63.3812212392726,45.7575714836498 -63.3824958632827,45.7585254591769 -63.3806146688938,45.7602433456882 -63.3780381214566,45.7613175961614 -63.3704702970275,45.7631035968595 -63.3640828727443,45.7636730813452 -63.3592473961817,45.7624459084111 -63.3545183029163,45.7635340134273 -63.3489882741069,45.7634183006757 -63.3461125894478,45.7620031732192 -63.3483702469674,45.7598093614269 -63.3470197682291,45.7577341524178 -63.346165804757,45.7564183521395 -63.3485788503899,45.754228297273 -63.348885649374,45.7524027091239 -63.3473781174575,45.7519959012484 -63.3445394890344,45.7544406102449 -63.3421673138963,45.755952099786 -63.3391429150178,45.7559671757565 -63.335062037323,45.7559132290583 -63.333151288445,45.7567402924606 -63.3332829301372,45.7585109211761 -63.3356169050583,45.7605088522127 -63.3364659393366,45.76227484219 -63.3354133033314,45.7640389942076 -63.3318953073818,45.7654763845147 -63.3272416165063,45.7663867722863 -63.3217561709266,45.7665742481299 -63.3164577237497,45.7666700918469 -63.3134107774728,45.7672786531558 -63.3114365791275,45.7698186700173 -63.3066371929024,45.773399316264 -63.3011508332346,45.7748373383144 -63.2966824902079,45.7752296498304 -63.2940167476099,45.7775288384673 -63.2912965573264,45.7779730200375 -63.2915674722646,45.7798641645877 -63.2864067165389,45.7808240823784 -63.2819256858735,45.7818802349275 -63.2730780312794,45.7853363007748 -63.2677181376369,45.7884145034122 -63.2626620720142,45.7899826514938 -63.2582251527842,45.7928436206646 -63.2521087173525,45.7918933384213 -63.2423609123019,45.7958993148599 -63.2347209994645,45.7997335154837 -63.2341668487214,45.802530843273 -63.2427444497914,45.8036076353237 -63.2467070377954,45.806542424366 -63.2504358327159,45.8095493269103 -63.2534169736585,45.8075148998358 -63.2611404488237,45.8083451262832 -63.2679431018715,45.8084172467346 -63.2746328141875,45.809827800441 -63.2858597524452,45.8100391519875 -63.2936717126199,45.809111755827 -63.2997483230852,45.8084015781419 -63.3029992114693,45.8068166651857 -63.3057767069789,45.80411096195 -63.3086493407778,45.8021469857655 -63.312583274972,45.8007858781884 -63.3255186979617,45.7968490478448 -63.3311793765521,45.7968890305359 -63.3551925166079,45.7989174476946 -63.358980482008,45.7980300545198 -63.3742795728104,45.7989656253284 -63.3802230105364,45.8007340921378 -63.3829210554607,45.8025700724345 -63.3905099964271,45.8052867244433 -63.3954994540892,45.8098589820145 -63.4078360399292,45.8146170945367 -63.4126054514108,45.8132577602058 -63.4214886746697,45.8137815927676 -63.4299430841385,45.8139305114423 -63.4322052002033,45.8177032466113 -63.4317215758231,45.8217359129995 -63.425920725643,45.8236277212177 -63.4247732216988,45.8255426015344 -63.4247624229414,45.8285928281558 -63.4271415526213,45.8335415549185 -63.4294318692353,45.8353829637895 -63.4322123367012,45.8355423342435 -63.4396299315233,45.8372128972587 -63.4498615491925,45.8373492546921 -63.4540839845921,45.8389462474826 -63.4606530625168,45.8402125522543 -63.4690436240421,45.8436277645568 -63.476369052909,45.8473698587177 -63.4813634302821,45.848120263306 -63.4863411705721,45.8502437812295 -63.4870385057141,45.850994087394 -63.477680590276,45.8516801918965 -63.4738565003504,45.8533199560856 -63.4687388137847,45.8532532646965 -63.4606294790635,45.852623777524 -63.4417206120024,45.8531865299378 -63.4280934778693,45.8512784282882 -63.4178551097034,45.8502449530006 -63.4142617255342,45.8488843245824 -63.4128470840957,45.8513375756391 -63.4133771670147,45.854123264432 -63.416142830944,45.8584486130357 -63.4156144057223,45.8609285929456 -63.418650983126,45.8615096095696 -63.423039330414,45.8634954064214 -63.4242450705449,45.8650886345591 -63.4344650797686,45.8685492538614 -63.4439930196572,45.870203752129 -63.4521434933582,45.8719858878091 -63.4581484373509,45.8736870237335 -63.4624805833875,45.876689918191 -63.468827362359,45.8782085707243 -63.4756022301651,45.8771140319357 -63.4891647100447,45.8766331679642 -63.4981442300942,45.8773432018291 -63.504353190381,45.8786304079025 -63.5200173235496,45.8782071810279 -63.537751348407,45.8772392121501 -63.5427030901127,45.8762041018415 -63.5494991588271,45.8754613205393 -63.5548016422698,45.8746791719073 -63.5629439037092,45.8737158195411 -63.5671471453183,45.8747836228539 -63.5876701591293,45.8761776311101 -63.5944145453782,45.8767670365033 -63.6035616256295,45.8767992165659 -63.613970040923,45.8783583904389 -63.6266748002946,45.8764813492927 -63.6319697631545,45.8745778792903 -63.6354658253762,45.8741067680301 -63.6391056242344,45.8723924736789 -63.642328956853,45.8711720464417 -63.646676951107,45.8716308899656 -63.6508657560137,45.8727334093862 -63.6546542184758,45.8739200376948 -63.65778168098,45.8750930629727 -63.6602673183268,45.8757907073064 -63.6640946575253,45.8760532560614 -63.6684518781521,45.8761055926276 -63.6719212597538,45.8762715209979 -63.6737903960003,45.8752323248927 -63.6756784842121,45.8750054204591 -63.6767550179609,45.873301880029 -63.6791672158782,45.8713696144579 -63.6774777370328,45.8713036873251 -63.6750509833617,45.8686822247525 -63.6742175108697,45.867051090078 -63.6709159233199,45.8651971896635 -63.6702176977045,45.8621800580064 -63.6671625626429,45.8608723513836 -63.6655801876844,45.8562080016692 -63.6676082321319,45.8535683976922 -63.6727301854748,45.8512685244465 -63.6744098682636,45.8525690038499 -63.6778248159128,45.8540114505162 -63.6812048095337,45.8551975066974 -63.6855575781531,45.8549653785133 -63.6890344447345,45.8560253010403 -63.6970992949244,45.8566973748609 -63.700415927595,45.8572105937478 -63.7018562347229,45.8587844430471 -63.708092947112,45.8615888143086 -63.7114095912772,45.8628304837203 -63.4675,46.1763888888889</coordinates></LinearRing></outerBoundaryIs><innerBoundaryIs><LinearRing><coordinates>-62.5197334288384,45.8115081788704 -62.5166893005369,45.8152427669677 -62.5187149045516,45.8206329348186 -62.5113754275803,45.8245887757602 -62.5130538944783,45.8272056579056 -62.5320358276076,45.8277854921422 -62.5522537228309,45.8261260982189 -62.5654907230635,45.8222618103755 -62.5792541501435,45.8225479125926 -62.5807914738527,45.8218765260125 -62.5954780578049,45.8153915403758 -62.6068000794905,45.8079757691831 -62.6040916444445,45.8027839658089 -62.5970382693776,45.8012542722966 -62.5894584658703,45.8015327452554 -62.5799407961322,45.8044624330821 -62.5636787413564,45.800136566016 -62.5579566956239,45.8014297482636 -62.5467758179189,45.8074760438006 -62.5197334288384,45.8115081788704</coordinates></LinearRing></innerBoundaryIs></Polygon><Polygon><outerBoundaryIs><LinearRing><coordinates>-63.4905555555556,46.2161111111111 -63.4953399859137,46.2188441439208 -63.4946823116463,46.2213134763375 -63.4978942875471,46.2292594906296 -63.486633300532,46.2225456233008 -63.4818000791783,46.2109336853977 -63.4882389662086,46.2121198788628 -63.4905555555556,46.2161111111111</coordinates></LinearRing></outerBoundaryIs></Polygon><Polygon><outerBoundaryIs><LinearRing><coordinates>-63.7414824224807,46.3594492535473 -63.7401237490408,46.3592910766503 -63.7383460020105,46.3576576212299 -63.7414824224807,46.3594492535473</coordinates></LinearRing></outerBoundaryIs></Polygon><Polygon><outerBoundaryIs><LinearRing><coordinates>-63.7918920113479,46.3882449617062 -63.7829132082427,46.3877334591389 -63.7740898128973,46.3791007996253 -63.7719650272214,46.3769454959421 -63.7720097213339,46.3768875070306 -63.7918920113479,46.3882449617062</coordinates></LinearRing></outerBoundaryIs></Polygon><Polygon><outerBoundaryIs><LinearRing><coordinates>-61.4041666666667,45.6416666666667 -61.4139820008704,45.6388270102304 -61.4148283973802,45.6392973931748 -61.4041666666667,45.6416666666667</coordinates></LinearRing></outerBoundaryIs></Polygon></MultiGeometry>
  </Placemark>
  <Placemark id="Gulf_LFAS_polygons.8">
	<Style><LineStyle><color>ff0000ff</color></LineStyle><PolyStyle><fill>0</fill></PolyStyle></Style>
	<ExtendedData><SchemaData schemaUrl="#Gulf_LFAS_polygons">
		<SimpleData name="type">fishing zone polygon</SimpleData>
		<SimpleData name="species.code">2550</SimpleData>
		<SimpleData name="region">gulf</SimpleData>
		<SimpleData name="label">26B</SimpleData>
	</SchemaData></ExtendedData>
      <Polygon><outerBoundaryIs><LinearRing><coordinates>-61.4148283973802,45.6392973931748 -61.4158632901222,45.6398725324735 -61.4281755008657,45.6419535359879 -61.4302990484219,45.644337141365 -61.4345293604717,45.6453417003144 -61.4352245437761,45.647638786018 -61.4390757671331,45.6508039089151 -61.4425973244751,45.6525460856516 -61.4433174433512,45.6542797523279 -61.4453946984765,45.6558103166367 -61.445684349302,45.6567619886109 -61.4443539015538,45.6566729609236 -61.4426320352632,45.6563326535425 -61.4402098313153,45.6553428756552 -61.4384595768919,45.6538855551131 -61.4360323677837,45.6506964233867 -61.4352403497279,45.652039469406 -61.4360608493281,45.6535870439483 -61.4373383124045,45.6551698332949 -61.4412512868287,45.6590417288173 -61.4435700095748,45.659761845882 -61.4534632710908,45.6667296903122 -61.4573278206463,45.6708672856882 -61.4598547148687,45.6741740587982 -61.4614730482476,45.6771098251569 -61.4697851532446,45.6841989477998 -61.4730690601835,45.6861074365321 -61.4796188542584,45.6894756631684 -61.4901550376206,45.693704857308 -61.5116666666667,45.7283333333333 -61.6666666666667,45.8333333333333 -61.95,46.15 -61.5041666666667,46.625 -60.75,47.0383333333333 -60.6687737055427,46.9798504013241 -60.672225999162,46.9749626753848 -60.672141412486,46.9707604454108 -60.6764755911648,46.9634074455319 -60.682429435308,46.9573663130356 -60.6848232532224,46.9494419213826 -60.6850622000915,46.9371276547707 -60.6891865452338,46.9289631569333 -60.6901096796416,46.9206323945411 -60.6951558916248,46.9152053834564 -60.7004745218173,46.9083829259058 -60.7068593978357,46.901835424843 -60.7302349122567,46.883468037199 -60.7495770939166,46.8712381567738 -60.7661785453443,46.8642181211849 -60.7718638817911,46.858930102607 -60.7751342560498,46.8502468964657 -60.78673178423,46.8401579885156 -60.7990872371208,46.8317023592868 -60.8154439061295,46.8270939256109 -60.830265042111,46.8242443990269 -60.840130675033,46.824058389638 -60.850943392205,46.8208133725987 -60.8617531196852,46.8127634667338 -60.8664899906525,46.8080656938211 -60.8775628079987,46.804126072834 -60.8806696807605,46.7981344033141 -60.8835241709488,46.7980949592905 -60.8850732529904,46.7952208122633 -60.8928179738696,46.7900950909645 -60.8975559700144,46.7825645599553 -60.8955207814741,46.7787618196756 -60.9059309183954,46.7724955973671 -60.9198727218282,46.7448166407758 -60.9252559502724,46.7362733917767 -60.9280441535093,46.7283631969203 -60.930256044272,46.7256718369978 -60.931357233046,46.7220834500717 -60.9397063339526,46.7145243479823 -60.9569709583808,46.6945001459411 -60.9592498374246,46.6947446577904 -60.9639774190735,46.6886796433592 -60.9618644483044,46.6858826072734 -60.9632737493352,46.6831398901756 -60.9605583737409,46.6769505978776 -60.9617971223651,46.6732101810931 -60.9778402934928,46.663366584275 -60.9884084741942,46.6560593130475 -60.9940802208738,46.6556326341384 -61.0025482433797,46.6504106488402 -61.0079388579221,46.6402826257954 -61.0132369302487,46.6310308894236 -61.0195346676459,46.624469599116 -61.02511858205,46.6148797412008 -61.0270182150319,46.6088088216113 -61.0251009087628,46.6075709332892 -61.0199082572835,46.6134221920042 -61.0178671314434,46.6102122192621 -61.0225274053888,46.6040118708432 -61.0203549056257,46.6015288392986 -61.0136603917527,46.5990141585466 -61.0131607681407,46.5974294045322 -61.0171441080574,46.5963589768895 -61.0251729900441,46.5993862867939 -61.0279363353736,46.6023381341464 -61.0339888617507,46.6068584521768 -61.0298455818237,46.6186315983762 -61.0226499926271,46.6283635700042 -61.0208093408683,46.6357146687463 -61.0184475735904,46.6450219696204 -61.01455080921,46.6468575118432 -61.0173611497531,46.6491574831606 -61.0227600623273,46.6498210263814 -61.0294326086324,46.6514295544263 -61.0304739192623,46.6473314726161 -61.0408394979879,46.6336057632521 -61.0556563775378,46.6186498023781 -61.0544566055517,46.615572901651 -61.0619788932687,46.6033811294675 -61.0572013683537,46.6012330486229 -61.0511753255121,46.6068894055657 -61.0434835358944,46.6065951978446 -61.0368637218337,46.6024784525607 -61.0338969674967,46.5987344097755 -61.0311984070525,46.5887714778892 -61.0307102063327,46.5852170667827 -61.0306899161042,46.5812544226521 -61.0329007382548,46.572118374205 -61.0339933410388,46.5705868873359 -61.0384400541493,46.5617960908397 -61.0519206039594,46.5473436391802 -61.0697477379364,46.5327068154781 -61.0788188201731,46.5204977329922 -61.0753546156038,46.5089467332914 -61.0781879066021,46.4962416755413 -61.1038801970854,46.4505757303439 -61.110939053639,46.4448132956478 -61.1110662323647,46.442899094938 -61.1076829082188,46.4431389726239 -61.1029307738014,46.4447868113896 -61.1006114801798,46.4382894565714 -61.0982196648836,46.4318780193555 -61.0890563369027,46.4298745070369 -61.0786845264035,46.4203329586061 -61.0725043304041,46.4059595630677 -61.075444540246,46.4032867253077 -61.0745301507336,46.3947101195058 -61.0792388721566,46.3874497778517 -61.0842511111592,46.3941237665375 -61.0830131695698,46.4013649171614 -61.0830200371309,46.4113932837218 -61.0884792135981,46.4215967524805 -61.0946011044973,46.4252341443425 -61.103451097059,46.4245155293674 -61.1072004039228,46.4298647032172 -61.1112300817155,46.4370284968625 -61.1155876574815,46.4392604334419 -61.1278639362419,46.4399347480933 -61.1315450955773,46.429817601843 -61.1399968950578,46.4241502890669 -61.1429884103717,46.4265641916414 -61.1597912464634,46.3989657573112 -61.1677165269347,46.3908094984262 -61.1726043989682,46.3927996001655 -61.1803678159099,46.3759283171526 -61.1823502451476,46.3635340613804 -61.1891590459445,46.3562923137011 -61.2117876270599,46.3404724490032 -61.2303902382076,46.3264134289148 -61.243889325925,46.31298656265 -61.2557147101381,46.3031651093001 -61.2612401942318,46.2896431227484 -61.2714066129361,46.2788528518229 -61.2719777247825,46.2660360438791 -61.2955534033388,46.2469610520883 -61.3240611423969,46.2278822560342 -61.3407074091599,46.22055771649 -61.3790239355173,46.2061279703302 -61.4149178868874,46.1929814705083 -61.4250344834411,46.1848243304768 -61.432506704757,46.1711442837046 -61.4461386477396,46.1622998109392 -61.4501750455528,46.1581216448505 -61.4518010221776,46.1519039267551 -61.4504944379523,46.1483275906202 -61.4541622654106,46.14551595952 -61.456083546938,46.1419448880331 -61.462410388813,46.1375298382041 -61.4664178113177,46.1362448416787 -61.4611056123265,46.1325290713987 -61.4610129517921,46.1282191522895 -61.463771596972,46.1249081767649 -61.4686686292595,46.1228858290893 -61.4681205935653,46.1190188020044 -61.472333112196,46.1134665907205 -61.4763357598987,46.1114499555635 -61.4769089543434,46.1085177222079 -61.4751788554581,46.101193334062 -61.4829596902145,46.0971497344639 -61.4849581782379,46.094998321072 -61.4819136297714,46.0921105357165 -61.4727448768733,46.0885601097997 -61.462944144887,46.0862407637791 -61.4561180167028,46.0856537253485 -61.452596620418,46.0871541616315 -61.4455426858147,46.0817842204641 -61.4390734445147,46.0832440966854 -61.4213397459399,46.0841885373592 -61.4237671567716,46.0816119529418 -61.4188002795134,46.0784562039391 -61.413226062188,46.0817976577852 -61.4027991067199,46.073184495232 -61.3954743167594,46.0741284853872 -61.3923443462271,46.0718360040578 -61.3867519902435,46.0709249808389 -61.382669077922,46.067658576594 -61.3843390109919,46.0640458821017 -61.3897609240262,46.0679522975266 -61.3955277489162,46.0697434822519 -61.3995478749497,46.0701187286821 -61.4043548413154,46.0685070862752 -61.4107274631866,46.0716409393485 -61.4144702186092,46.072951005388 -61.4203618503786,46.069755376249 -61.4159808512095,46.0656767110827 -61.4100983577422,46.0644299224495 -61.410805257817,46.0623246837476 -61.423218639029,46.0576474501722 -61.4280227621222,46.0568431543316 -61.4319929731711,46.0620070091296 -61.4352882067299,46.0628529865509 -61.4361841287324,46.0663782716893 -61.4283998605293,46.0705963363271 -61.4346520949176,46.0772253972714 -61.4488225153956,46.0745925324292 -61.4612382622453,46.0810696155003 -61.4653826171628,46.0794755195651 -61.469713304932,46.0808903852226 -61.4722967218085,46.0852771427081 -61.4772306927169,46.0855320051338 -61.4804530027914,46.0793455050714 -61.4978095930504,46.0698107635409 -61.5090722737456,46.0674194138914 -61.5241050130581,46.0584113088749 -61.5270123860312,46.0535900856211 -61.5303669571417,46.0523462815454 -61.5379509007336,46.0536985962332 -61.5536720373685,46.041559305016 -61.5507743030387,46.0326282790347 -61.5504065232564,46.0276288318578 -61.5407313293552,46.0251666318626 -61.5389157307981,46.0175814586173 -61.5324463322289,46.0114439222867 -61.531198652451,46.0064168419459 -61.5383315418577,46.001339282151 -61.5375672076162,45.9983205629498 -61.532074324328,45.9942567105376 -61.5311893644411,45.9837777999475 -61.5325842259102,45.9697124755915 -61.526959010309,45.9624874638777 -61.520497370593,45.9627777459076 -61.516762590641,45.9711889205609 -61.5147516789717,45.9712753707729 -61.5131474470877,45.9689353203284 -61.5158676321397,45.9624871350178 -61.5111090468922,45.958397534905 -61.5135453813394,45.9547505659004 -61.5192930591358,45.9579861933189 -61.5295382824024,45.9581277582807 -61.5344433811524,45.9562706651629 -61.5353378011611,45.9484814843607 -61.52759300543,45.9398340226108 -61.5203254254892,45.9345578801368 -61.5204170001575,45.9301311323815 -61.525639492419,45.9265868703077 -61.5133384726735,45.9143835913064 -61.5124854164489,45.9065321337659 -61.506483365959,45.9086451698016 -61.5010992212632,45.9065315241653 -61.4934655281412,45.9015613816727 -61.48217824159,45.9039675527239 -61.4896201320471,45.8884168256193 -61.4910915217147,45.8874290697708 -61.491624046133,45.8946224729662 -61.4950421615689,45.8955956399419 -61.4970026178526,45.8951304940415 -61.4971002203024,45.8848869660991 -61.5032125080707,45.8693658510799 -61.5050057362074,45.8647971816553 -61.5025170326757,45.8499494496287 -61.495276880064,45.8384027681724 -61.4920756597649,45.8164013656159 -61.4926389549923,45.8079295738837 -61.4961944729622,45.8035587792898 -61.4889166913785,45.7977780462132 -61.4790909509748,45.7830244235652 -61.4747454873149,45.7743495990602 -61.4694938244097,45.7604370929901 -61.4692777247406,45.7490289826983 -61.4636724552894,45.7366102827083 -61.4670115639015,45.7215501505823 -61.4592970127161,45.7023582761869 -61.4543514643215,45.69803581045 -61.4477958818054,45.6962345476843 -61.4460853062696,45.6886930120156 -61.4374839058579,45.6777442550608 -61.4321286825754,45.6644918986386 -61.4255100339378,45.6553667191782 -61.4162976803917,45.6483840661541 -61.4082691129433,45.64600505641 -61.4030414942011,45.6437953713313 -61.4041666666667,45.6416666666667 -61.4148283973802,45.6392973931748</coordinates></LinearRing></outerBoundaryIs></Polygon>
  </Placemark>
</Folder>
</Document></kml>
